SC,名称,20200618,20200619
1301,極洋,2712.8,2712.56
1332,日本水産,492.2,494.04
1333,マルハニチロ,2275.64,2278.8
1352,ホウスイ,915.84,915.92
1376,カネコ種苗,1455.24,1456.04
1377,サカタのタネ,3588.0,3576.4
1379,ホクト,1997.72,1999.96
1380,秋川牧園,806.12,807.08
1381,アクシーズ,2647.28,2657.76
1382,ホーブ,905.12,906.92
1383,ベルグアース,2076.64,2078.32
1384,ホクリヨウ,645.84,645.2
1400,ルーデン・ホールディングス,189.32,190.64
1401,エムビーエス,736.68,736.4
1407,ウエストホールディングス,1867.68,1875.6
1413,ヒノキヤグループ,1689.44,1695.4
1414,ショーボンドホールディングス,4866.0,4882.2
1417,ミライト・ホールディングス,1520.16,1525.04
1418,インターライフホールディングス,187.64,187.88
1419,タマホーム,1317.72,1315.08
1420,サンヨーホームズ,631.2,631.8
1429,日本アクア,591.8,592.12
1430,ファーストコーポレーション,541.72,544.08
1431,Lib_Work,1812.32,1845.24
1433,ベステラ,1036.64,1038.12
1434,JESCOホールディングス,339.04,340.84
1435,TATERU,169.2,170.64
1436,フィット,560.28,561.68
1438,岐阜造園,,
1443,技研ホールディングス,320.44,321.0
1444,ニッソウ,3112.8,3119.4
1446,キャンディル,526.56,536.36
1447,ITbookホールディングス,484.88,495.16
1448,スペースバリューホールディングス,366.96,367.52
1449,FUJIジャパン,,
1450,田中建設工業,,
1451,KHC,594.72,595.2
1491,中外鉱業,17.48,17.48
1514,住石ホールディングス,116.36,116.76
1515,日鉄鉱業,4563.6,4561.2
1518,三井松島ホールディングス,863.84,865.68
1605,国際石油開発帝石,745.2119999999999,746.46
1662,石油資源開発,2034.28,2032.6
1663,K＆Oエナジーグループ,1552.04,1550.28
1711,省電舎ホールディングス,311.0,313.16
1712,ダイセキ環境ソリューション,1003.76,1002.12
1716,第一カッター興業,1957.32,1975.2
1717,明豊ファシリティワークス,561.12,560.92
1718,美樹工業,,
1719,安藤・間,675.44,675.64
1720,東急建設,580.6,581.72
1721,コムシスホールディングス,3001.32,3006.32
1723,日本電技,3232.6,3222.4
1724,シンクレイヤ,842.32,847.8
1726,ビーアールホールディングス,556.6,558.32
1728,ミサワホーム中国,249.8,249.8
1730,麻生フオームクリート,502.44,506.12
1736,オーテック,,
1737,三井金属エンジニアリング,801.56,806.16
1738,NITTOH,,
1739,シード平和,708.08,707.76
1757,クレアホールディングス,37.52,40.32
1758,太洋基礎工業,5515.8,5544.6
1762,高松コンストラクショングループ,2392.6,2400.32
1766,東建コーポレーション,7312.4,7321.2
1768,ソネック,816.24,818.44
1770,藤田エンジニアリング,713.04,717.28
1771,日本乾溜工業,461.64,464.88
1773,ワイ・ティー・エル・コーポレーション・バーハッド（外国株）,21.04,21.12
1775,富士古河E＆C,1872.04,1876.6
1776,三井住建道路,798.2,800.76
1777,川崎設備工業,,
1780,ヤマウラ,808.6,811.64
1782,常磐開発,,
1783,アジアゲートホールディングス,47.68,47.88
1787,ナカボーテック,,
1788,三東工業社,,
1789,ETSホールディングス,825.56,829.24
1793,大本組,4442.4,4459.8
1795,マサル,,
1798,守谷商会,,
1799,第一建設工業,,
1801,大成建設,3830.4,3847.8
1802,大林組,1013.12,1017.96
1803,清水建設,895.88,897.88
1805,飛島建設,1100.68,1102.6
1807,佐藤渡辺,,
1808,長谷工コーポレーション,1311.44,1320.64
1810,松井建設,645.6,647.68
1811,錢高組,3755.0,3768.0
1812,鹿島建設,1237.12,1240.24
1813,不動テトラ,1413.64,1420.12
1814,大末建設,788.16,792.16
1815,鉄建建設,2167.08,2168.28
1820,西松建設,2114.24,2119.84
1821,三井住友建設,465.08,467.24
1822,大豊建設,2466.12,2464.56
1824,前田建設工業,853.0,854.2
1826,佐田建設,411.04,412.12
1827,ナカノフドー建設,388.24,389.56
1828,田辺工業,722.8,721.6
1832,北海電気工事,,
1833,奥村組,2552.96,2555.88
1835,東鉄工業,2774.56,2773.64
1840,土屋ホールディングス,145.08,145.44
1841,サンユー建設,,
1844,大盛工業,227.28,227.52
1847,イチケン,1500.44,1512.12
1848,富士ピー・エス,558.64,560.76
1850,南海辰村建設,288.84,290.56
1852,淺沼組,4165.0,4188.0
1853,森組,261.52,262.64
1860,戸田建設,679.52,683.08
1861,熊谷組,2590.92,2599.84
1866,北野建設,2632.84,2636.44
1867,植木組,2464.4,2466.16
1869,名工建設,,
1870,矢作建設工業,771.24,773.76
1871,ピーエス三菱,548.64,549.36
1873,日本ハウスホールディングス,297.76,298.24
1878,大東建託,11099.8,11116.6
1879,新日本建設,791.36,797.12
1881,NIPPO,2614.52,2621.2
1882,東亜道路工業,3253.2,3262.6
1883,前田道路,2039.76,2048.24
1884,日本道路,7179.2,7201.6
1885,東亜建設工業,1582.08,1586.28
1887,日本国土開発,554.04,554.84
1888,若築建設,1166.36,1169.36
1890,東洋建設,419.0,418.84
1892,徳倉建設,,
1893,五洋建設,566.8,568.6
1898,世紀東急工業,763.72,764.36
1899,福田組,4812.8,4828.6
1904,大成温調,1859.16,1859.44
1905,テノックス,819.4,823.16
1909,日本ドライケミカル,1560.6,1575.48
1911,住友林業,1311.96,1317.64
1914,日本基礎技術,422.56,422.84
1921,巴コーポレーション,379.44,381.0
1925,大和ハウス工業,2695.84,2707.82
1926,ライト工業,1473.52,1477.04
1928,積水ハウス,2026.76,2037.58
1929,日特建設,723.24,726.32
1930,北陸電気工事,935.0,937.76
1934,ユアテック,619.36,621.84
1938,日本リーテック,2140.12,2162.04
1939,四電工,2369.68,2374.68
1941,中電工,2274.48,2276.0
1942,関電工,966.32,968.0
1944,きんでん,1789.92,1792.64
1945,東京エネシス,775.64,777.32
1946,トーエネック,3667.6,3684.6
1948,弘電社,4623.8,4666.6
1949,住友電設,2479.92,2477.72
1950,日本電設工業,2360.52,2366.24
1951,協和エクシオ,2471.88,2474.96
1952,新日本空調,2475.72,2480.48
1954,日本工営,3134.88,3131.88
1959,九電工,2977.16,2980.96
1960,サンテック,597.36,598.84
1961,三機工業,1316.0,1318.68
1963,日揮ホールディングス,1151.68,1158.64
1964,中外炉工業,1588.52,1589.76
1965,テクノ菱和,843.48,846.08
1966,高田工業所,807.52,810.96
1967,ヤマト,650.96,652.28
1968,太平電業,2343.48,2340.24
1969,高砂熱学工業,1769.6,1772.04
1971,中央ビルト工業,605.2,608.48
1972,三晃金属工業,2094.72,2094.84
1973,NECネッツエスアイ,3282.32,3154.16
1975,朝日工業社,3100.84,3106.68
1976,明星工業,779.04,781.24
1979,大氣社,3217.28,3224.0
1980,ダイダン,2829.12,2832.76
1982,日比谷総合設備,1865.76,1868.76
1992,神田通信機,,
1994,高橋カーテンウォール工業,499.88,501.8
1997,暁飯島工業,1239.64,1244.92
1999,サイタホールディングス,,
2001,日本製粉,1612.56,1612.92
2002,日清製粉グループ本社,1678.6,1683.48
2003,日東富士製粉,6113.6,6123.2
2004,昭和産業,3242.6,3247.0
2009,鳥越製粉,889.76,891.44
2053,中部飼料,1641.4,1648.48
2055,日和産業,278.0,278.76
2058,ヒガシマル,,
2060,フィード・ワン,189.8,190.24
2107,東洋精糖,1242.12,1244.52
2108,日本甜菜製糖,1704.04,1706.68
2109,三井製糖,2088.56,2083.84
2112,塩水港精糖,209.68,209.8
2114,フジ日本精糖,511.96,512.32
2117,日新製糖,1937.2,1934.72
2120,LIFULL,427.48,427.8
2121,ミクシィ,1774.88,1773.16
2122,インタースペース,1017.92,1027.48
2124,ジェイエイシーリクルートメント,1309.52,1311.04
2127,日本M＆Aセンター,4406.0,4453.8
2130,メンバーズ,1736.0,1736.24
2134,燦キャピタルマネージメント,90.24,91.32
2136,ヒップ,627.04,629.64
2138,クルーズ,1094.48,1089.8
2139,中広,532.24,533.8
2146,UTグループ,2154.32,2179.32
2148,アイティメディア,1210.32,1237.84
2150,ケアネット,1226.88,1248.04
2151,タケエイ,941.2,946.72
2152,幼児活動研究会,890.04,892.56
2153,E・Jホールディングス,1530.52,1531.56
2154,ビーネックスグループ,855.92,863.28
2156,セーラー広告,,
2157,コシダカホールディングス,503.72,503.64
2158,FRONTEO,696.52,714.4
2159,フルスピード,485.24,491.48
2160,ジーエヌアイグループ,1708.76,1717.04
2162,nmsホールディングス,304.84,304.84
2163,アルトナー,811.28,822.68
2164,地域新聞社,686.2,690.28
2168,パソナグループ,1234.32,1236.68
2169,CDS,1287.64,1286.6
2170,リンクアンドモチベーション,438.28,441.36
2172,インサイト,329.8,331.6
2173,博展,502.28,501.88
2174,GCA,658.24,659.96
2175,エス・エム・エス,2634.92,2634.88
2176,イナリサーチ,733.56,739.8
2178,トライステージ,312.72,313.36
2179,成学社,784.88,787.4
2180,サニーサイドアップグループ,800.24,807.0
2181,パーソルホールディングス,1416.68,1425.76
2183,リニカル,942.04,940.8
2185,シイエム・シイ,2188.8,2194.24
2186,ソーバル,1034.84,1040.8
2191,テラ,1114.92,1153.24
2193,クックパッド,308.28,310.72
2196,エスクリ,435.6,436.24
2198,アイ・ケイ・ケイ,607.52,606.32
2201,森永製菓,4415.6,4421.0
2204,中村屋,4043.6,4045.6
2206,江崎グリコ,5143.6,5147.2
2207,名糖産業,1300.24,1301.44
2208,ブルボン,1804.48,1804.16
2209,井村屋グループ,2023.36,2031.04
2211,不二家,2150.44,2153.92
2212,山崎製パン,1876.68,1876.36
2215,第一屋製パン,955.48,956.68
2216,カンロ,1497.84,1497.52
2217,モロゾフ,5766.8,5764.4
2218,日糧製パン,,
2220,亀田製菓,5302.0,5297.6
2221,岩塚製菓,3563.4,3579.8
2222,寿スピリッツ,5111.0,5119.6
2224,コモ,2414.76,2415.08
2226,湖池屋,,
2229,カルビー,3020.4,3021.48
2264,森永乳業,4501.8,4511.0
2266,六甲バター,1513.08,1518.56
2267,ヤクルト本社,6605.6,6626.8
2268,B-Rサーティワンアイスクリーム,3988.2,3992.2
2269,明治ホールディングス,8050.0,8088.8
2270,雪印メグミルク,2622.6,2620.4
2281,プリマハム,2580.72,2595.64
2282,日本ハム,4051.8,4077.2
2286,林兼産業,579.4,579.84
2288,丸大食品,1971.4,1967.84
2291,福留ハム,,
2292,S　Foods,2570.4,2585.08
2293,滝沢ハム,,
2294,柿安本店,2549.72,2559.64
2296,伊藤ハム米久ホールディングス,648.56,649.72
2300,きょくとう,501.24,501.88
2301,学情,1305.88,1308.32
2303,ドーン,2221.96,2225.44
2304,CSSホールディングス,269.44,271.32
2305,スタジオアリス,1640.2,1643.36
2307,クロスキャット,1086.8,1092.64
2309,シミックホールディングス,1496.08,1498.16
2311,エプコ,1122.08,1126.08
2315,CAICA,33.32,33.68
2317,システナ,1523.32,1526.84
2321,ソフトフロントホールディングス,133.24,132.72
2323,fonfun,363.92,365.44
2325,NJS,1793.44,1795.56
2326,デジタルアーツ,8398.8,8430.0
2327,日鉄ソリューションズ,2904.76,2913.52
2329,東北新社,578.36,578.4
2330,フォーサイド,104.8,105.6
2331,綜合警備保障,5330.8,5321.2
2332,クエスト,1222.44,1229.88
2334,イオレ,1426.16,1431.96
2335,キューブシステム,785.72,791.8
2337,いちご,298.76,298.88
2338,ビットワングループ,318.6,323.52
2340,極楽湯ホールディングス,377.16,377.76
2341,アルバイトタイムス,163.2,163.24
2342,トランスジェニック,372.76,376.64
2344,平安レイサービス,839.04,840.08
2345,クシム,1146.16,1164.44
2349,エヌアイデイ,1387.28,1396.88
2351,ASJ,1452.28,1456.76
2352,エイジア,1326.64,1329.8
2353,日本駐車場開発,141.16,141.4
2354,YE_DIGITAL,560.84,568.88
2359,コア,1189.88,1191.96
2362,夢真ホールディングス,615.8,616.36
2370,メディネット,111.44,113.8
2371,カカクコム,2676.48,2686.72
2372,アイロムグループ,2664.2,2713.24
2373,ケア21,1517.44,1520.12
2374,セントケア・ホールディング,421.4,421.36
2375,ギグワークス,1355.64,1390.4
2376,サイネックス,662.6,664.48
2378,ルネサンス,1134.44,1135.6
2379,ディップ,2517.72,2514.16
2384,SBSホールディングス,2230.4,2250.8
2385,総医研ホールディングス,487.76,491.6
2388,ウェッジホールディングス,111.48,113.24
2389,オプトホールディング,1485.44,1486.0
2391,プラネット,1503.72,1502.36
2393,日本ケアサプライ,1332.16,1333.52
2395,新日本科学,665.44,667.4
2397,DNAチップ研究所,747.64,758.36
2398,ツクイ,516.88,519.24
2402,アマナ,626.08,629.32
2404,鉄人化計画,301.04,301.44
2406,アルテサロンホールディングス,496.36,498.6
2408,KG情報,275.48,276.64
2410,キャリアデザインセンター,974.88,981.56
2411,ゲンダイエージェンシー,281.04,281.92
2412,ベネフィット・ワン,2258.76,2262.16
2413,エムスリー,4307.2,4334.8
2415,ヒューマンホールディングス,806.56,805.32
2417,ツヴァイ,,
2418,ツカダ・グローバルホールディング,371.68,370.92
2424,ブラス,511.08,514.12
2425,ケアサービス,514.8,514.92
2427,アウトソーシング,665.12,670.32
2428,ウェルネット,716.48,718.72
2429,ワールドホールディングス,1786.76,1788.72
2432,ディー・エヌ・エー,1467.36,1467.4
2433,博報堂DYホールディングス,1276.28,1282.48
2435,シダー,204.84,205.36
2436,共同ピーアール,817.68,820.76
2437,Shinwa_Wise_Holdings,389.84,396.52
2438,アスカネット,1554.72,1574.0
2440,ぐるなび,691.52,696.48
2445,タカミヤ,492.6,494.44
2453,ジャパンベストレスキューシステム,822.36,831.92
2454,オールアバウト,743.92,753.48
2459,アウンコンサルティング,180.28,182.48
2461,ファンコミュニケーションズ,459.04,458.68
2462,ライク,1639.96,1631.64
2464,ビジネス・ブレークスルー,376.68,376.96
2467,バルクホールディングス,232.4,232.6
2468,フュートレック,426.16,427.24
2469,ヒビノ,1401.16,1396.32
2471,エスプール,765.84,769.52
2475,WDBホールディングス,2635.72,2646.76
2477,手間いらず,4921.8,4928.2
2479,ジェイテック,180.0,180.52
2480,システム・ロケーション,1127.96,1134.52
2481,タウンニュース社,390.64,391.48
2483,翻訳センター,1347.88,1348.84
2484,出前館,1316.8,1318.92
2485,ティア,522.48,522.72
2487,CDG,1520.76,1524.4
2488,日本サード・パーティ,1016.8,1017.36
2489,アドウェイズ,309.28,311.28
2491,バリューコマース,2694.52,2721.72
2492,インフォマート,882.08,880.88
2493,イーサポートリンク,943.12,939.24
2497,ユナイテッド,1162.16,1164.32
2498,オリエンタルコンサルタンツホールディングス,2300.12,2308.92
2499,日本和装ホールディングス,348.08,349.0
2501,サッポロホールディングス,2118.04,2122.52
2502,アサヒグループホールディングス,4061.08,4076.84
2503,キリンホールディングス,2215.22,2228.08
2531,宝ホールディングス,895.6,905.32
2533,オエノンホールディングス,398.2,399.04
2540,養命酒製造,1879.0,1876.68
2551,マルサンアイ,3732.8,3747.6
2573,北海道コカ・コーラボトリング,3997.6,4008.8
2579,コカ・コーラボトラーズジャパンホールディングス,2107.24,2117.08
2586,フルッタフルッタ,145.64,144.2
2587,サントリー食品インターナショナル,4305.2,4316.8
2588,プレミアムウォーターホールディングス,1794.44,1802.4
2590,ダイドーグループホールディングス,4898.4,4907.8
2593,伊藤園,6128.0,6134.0
2594,キーコーヒー,2311.16,2311.12
2597,ユニカフェ,960.64,962.2
2599,ジャパンフーズ,1182.56,1184.44
2602,日清オイリオグループ,3387.2,3393.6
2607,不二製油グループ本社,2813.84,2820.96
2608,ボーソー油脂,1068.92,1076.48
2612,かどや製油,3637.2,3636.8
2613,J-オイルミルズ,4187.6,4189.2
2651,ローソン,5849.2,5865.2
2652,まんだらけ,491.8,492.56
2653,イオン九州,1791.48,1794.32
2654,アスモ,505.0,505.28
2656,ベクター,236.44,238.28
2659,サンエー,4232.8,4236.4
2664,カワチ薬品,2606.24,2614.0
2666,オートウェーブ,107.24,107.72
2667,イメージワン,503.4,505.12
2668,タビオ,1026.72,1029.6
2669,カネ美食品,3031.04,3035.92
2670,エービーシー・マート,6383.6,6402.0
2673,夢みつけ隊,112.48,112.36
2674,ハードオフコーポレーション,715.72,717.92
2675,ダイナックホールディングス,1464.44,1470.32
2676,高千穂交易,968.0,968.76
2678,アスクル,3548.0,3559.2
2681,ゲオホールディングス,1375.96,1376.08
2683,魚喜,1141.16,1144.88
2685,アダストリア,1705.68,1709.0
2686,ジーフット,473.32,474.16
2687,シー・ヴイ・エス・ベイエリア,484.84,488.72
2689,カワニシホールディングス,1381.4,1390.0
2692,伊藤忠食品,4840.6,4850.0
2693,YKT,313.8,314.84
2694,ジー・テイスト,71.44,71.4
2695,くら寿司,4941.0,4964.4
2698,キャンドゥ,1948.32,1960.04
2700,木徳神糧,3456.4,3460.4
2702,日本マクドナルドホールディングス,5796.0,5820.4
2705,大戸屋ホールディングス,2249.0,2262.84
2706,ブロッコリー,1411.24,1411.72
2708,久世,,
2714,プラマテルズ,,
2715,エレマテック,874.32,879.0
2721,ジェイホールディングス,310.68,312.12
2722,アイケイ,682.92,686.36
2726,パルグループホールディングス,1358.72,1360.52
2729,JALUX,1776.8,1784.12
2730,エディオン,992.76,996.68
2733,あらた,4468.6,4486.0
2734,サーラコーポレーション,578.08,579.08
2735,ワッツ,796.24,809.68
2736,フェスタリアホールディングス,1307.28,1321.48
2737,トーメンデバイス,3557.6,3560.0
2742,ハローズ,3098.44,3112.52
2743,ピクセルカンパニーズ,139.76,142.16
2749,JPホールディングス,280.0,280.2
2750,石光商事,378.28,378.32
2751,テンポスホールディングス,2014.6,2016.48
2752,フジオフードシステム,1554.08,1563.8
2753,あみやき亭,3148.6,3155.8
2760,東京エレクトロンデバイス,2801.28,2803.2
2761,トシン・グループ,,
2762,三光マーケティングフーズ,348.8,351.88
2763,エフティグループ,1308.68,1306.12
2764,ひらまつ,188.12,189.56
2767,フィールズ,368.76,369.64
2768,双日,248.32,248.72
2769,ヴィレッジヴァンガードコーポレーション,953.48,955.04
2773,ミューチュアル,827.32,826.44
2776,新都ホールディングス,100.76,101.64
2777,カッシーナ・イクスシー,,
2778,パレモ・ホールディングス,231.44,232.2
2780,コメ兵,819.64,821.68
2782,セリア,3580.2,3598.8
2784,アルフレッサホールディングス,2185.0,2194.12
2788,アップルインターナショナル,162.92,163.92
2789,カルラ,436.12,437.72
2790,ナフコ,1308.68,1311.2
2791,大黒天物産,4276.6,4290.4
2792,ハニーズホールディングス,1170.12,1166.0
2795,日本プリメックス,706.36,707.96
2796,ファーマライズホールディングス,669.16,669.32
2798,ワイズテーブルコーポレーション,2075.28,2074.6
2801,キッコーマン,5246.4,5265.6
2802,味の素,1851.84,1849.24
2804,ブルドックソース,1120.92,1121.8
2805,ヱスビー食品,3993.8,3992.2
2806,ユタカフーズ,1669.36,1669.08
2809,キユーピー,2109.4,2111.48
2810,ハウス食品グループ本社,3603.2,3607.8
2811,カゴメ,2987.76,3004.0
2812,焼津水産化学工業,933.96,935.72
2813,和弘食品,,
2814,佐藤食品工業,,
2815,アリアケジャパン,7275.6,7278.0
2816,ダイショー,1193.32,1194.44
2818,ピエトロ,1616.12,1617.32
2819,エバラ食品工業,2171.96,2174.2
2820,やまみ,2186.0,2185.52
2830,アヲハタ,,
2831,はごろもフーズ,2870.76,2871.84
2871,ニチレイ,2987.0,2995.36
2874,横浜冷凍,902.12,902.6
2875,東洋水産,5581.6,5602.0
2876,ジェーシー・コムサ,492.4,494.16
2877,日東ベスト,,
2882,イートアンド,1785.92,1788.76
2883,大冷,1944.2,1950.16
2884,ヨシムラ・フード・ホールディングス,1152.52,1149.96
2892,日本食品化工,1403.64,
2894,石井食品,217.0,217.28
2897,日清食品ホールディングス,8981.6,8986.4
2899,永谷園ホールディングス,2204.84,2203.84
2901,石垣食品,130.48,131.44
2902,太陽化学,1763.36,1764.48
2903,シノブフーズ,605.8,605.6
2904,一正蒲鉾,1001.36,1005.16
2905,オーケー食品工業,1249.88,1247.32
2908,フジッコ,1961.24,1962.2
2910,ロック・フィールド,1340.68,1341.12
2911,旭松食品,,
2914,日本たばこ産業,2120.68,2127.56
2915,ケンコーマヨネーズ,2117.0,2116.72
2916,仙波糖化工業,643.48,643.4
2917,大森屋,765.32,767.28
2918,わらべや日洋ホールディングス,1719.04,1723.72
2922,なとり,1733.12,1736.32
2923,サトウ食品工業,,
2924,イフジ産業,802.72,804.44
2925,ピックルスコーポレーション,2327.52,2336.44
2926,篠崎屋,91.88,92.28
2927,AFC-HDアムスライフサイエンス,673.48,674.96
2928,RIZAPグループ,171.44,171.56
2929,ファーマフーズ,1138.88,1158.68
2930,北の達人コーポレーション,551.88,554.44
2931,ユーグレナ,763.48,768.56
2970,グッドライフカンパニー,873.48,877.48
2974,大英産業,,
2975,スター・マイカ・ホールディングス,1492.4,1487.16
2976,日本グランデ,,
2978,ツクルバ,914.84,922.0
2980,SREホールディングス,2046.76,2084.24
2981,ランディックス,2458.76,2470.12
2982,ADワークスグループ,183.36,184.0
3001,片倉工業,1179.0,1186.28
3002,グンゼ,3843.8,3850.4
3003,ヒューリック,1073.0,1075.72
3004,神栄,496.6,496.8
3010,価値開発,118.04,118.64
3011,バナーズ,109.08,109.88
3020,アプライド,4049.72,4220.2
3021,パシフィックネット,1612.68,1625.48
3023,ラサ商事,893.04,896.08
3024,クリエイト,622.64,623.36
3028,アルペン,1758.12,1764.76
3030,ハブ,728.72,732.44
3031,ラクーンホールディングス,809.96,819.4
3032,ゴルフ・ドゥ,299.0,300.16
3034,クオールホールディングス,1207.12,1209.64
3035,ケイティケイ,310.8,311.64
3036,アルコニックス,1240.92,1242.36
3038,神戸物産,5728.6,5771.2
3040,ソリトンシステムズ,1434.36,1445.76
3041,ビューティ花壇,267.48,269.32
3042,セキュアヴェイル,795.0,801.52
3045,カワサキ,,
3046,ジンズホールディングス,6694.8,6698.0
3047,TRUCK-ONE,267.96,270.84
3048,ビックカメラ,1117.36,1122.04
3050,DCMホールディングス,1106.88,1110.0
3053,ペッパーフードサービス,558.84,567.16
3054,ハイパー,579.48,581.2
3055,ほくやく・竹山ホールディングス,,
3057,ゼットン,784.12,788.12
3058,三洋堂ホールディングス,817.32,818.44
3059,ヒラキ,915.44,915.88
3063,ジェイグループホールディングス,581.12,584.44
3064,MonotaRO,4067.4,4088.0
3065,ライフフーズ,,
3066,JBイレブン,,
3067,東京一番フーズ,509.4,510.8
3068,WDI,1540.0,1544.16
3069,JFLAホールディングス,368.16,369.2
3070,アマガサ,295.72,296.2
3071,ストリーム,74.6,75.04
3073,DDホールディングス,985.68,991.2
3075,銚子丸,1135.36,1134.64
3076,あいホールディングス,1458.8,1470.68
3077,ホリイフードサービス,500.84,501.04
3079,ディーブイエックス,900.44,897.36
3080,ジェーソン,502.84,506.2
3082,きちりホールディングス,643.56,644.6
3083,シーズメン,360.48,361.64
3085,アークランドサービスホールディングス,1915.76,1922.12
3086,J.フロントリテイリング,909.16,909.64
3087,ドトール・日レスホールディングス,1783.76,1783.8
3088,マツモトキヨシホールディングス,3948.2,3954.8
3089,テクノアルファ,978.64,980.12
3091,ブロンコビリー,2446.48,2462.44
3092,ZOZO,2136.16,2149.32
3093,トレジャー・ファクトリー,734.48,740.2
3094,スーパーバリュー,521.12,525.2
3096,オーシャンシステム,993.2,997.04
3097,物語コーポレーション,8090.8,8127.6
3098,ココカラファイン,5612.8,5630.0
3099,三越伊勢丹ホールディングス,711.04,712.64
3101,東洋紡,1493.24,1493.36
3103,ユニチカ,356.12,357.24
3104,富士紡ホールディングス,3236.6,3240.4
3105,日清紡ホールディングス,803.48,808.16
3106,倉敷紡績,2364.4,2360.84
3107,ダイワボウホールディングス,7451.6,7479.2
3109,シキボウ,1028.72,1027.92
3110,日東紡績,5455.2,5454.8
3111,オーミケンシ,443.88,443.4
3113,Oakキャピタル,95.4,97.28
3116,トヨタ紡織,1467.16,1470.84
3121,マーチャント・バンカーズ,318.56,320.28
3123,サイボー,,
3125,新内外綿,673.24,676.68
3131,シンデン・ハイテックス,1191.04,1195.24
3132,マクニカ・富士エレホールディングス,1638.32,1638.64
3133,海帆,526.08,526.16
3134,Hamee,1501.8,1524.2
3135,マーケットエンタープライズ,2316.64,2316.88
3137,ファンデリー,869.12,873.08
3138,富士山マガジンサービス,1139.76,1144.76
3139,ラクト・ジャパン,3802.8,3803.0
3140,イデアインターナショナル,983.76,985.2
3141,ウエルシアホールディングス,8630.8,8678.4
3143,オーウイル,1014.12,1015.24
3148,クリエイトSDホールディングス,3348.6,3358.0
3150,グリムス,2668.68,2693.88
3151,バイタルケーエスケー・ホールディングス,1066.92,1065.76
3153,八洲電機,888.84,891.6
3154,メディアスホールディングス,952.72,954.16
3156,レスターホールディングス,2077.56,2083.88
3157,ジューテックホールディングス,992.8,995.72
3159,丸善CHIホールディングス,386.6,387.32
3160,大光,688.28,687.6
3161,アゼアス,967.6,966.44
3166,OCHIホールディングス,1451.4,1454.72
3167,TOKAIホールディングス,987.88,990.04
3168,黒谷,478.24,481.44
3169,ミサワ,545.24,546.56
3171,マックスバリュ九州,2419.2,2424.52
3172,ティーライフ,1077.64,1081.48
3173,Cominix,732.4,731.64
3174,ハピネス・アンド・ディ,894.4,900.0
3175,エー・ピーカンパニー,461.84,465.44
3176,三洋貿易,975.64,981.68
3178,チムニー,1768.64,1763.32
3179,シュッピン,804.52,804.68
3180,ビューティガレージ,1696.96,1699.72
3181,買取王国,,
3182,オイシックス・ラ・大地,2073.0,2095.08
3183,ウイン・パートナーズ,971.0,973.68
3184,ICDAホールディングス,,
3185,夢展望,321.68,322.04
3186,ネクステージ,870.04,872.4
3187,サンワカンパニー,233.48,234.24
3189,ANAP,413.52,431.0
3190,ホットマン,513.88,514.2
3191,ジョイフル本田,1324.16,1328.88
3192,白鳩,279.24,279.76
3193,鳥貴族,1777.24,1773.32
3194,キリン堂ホールディングス,2164.2,2179.36
3195,ジェネレーションパス,591.48,600.16
3196,ホットランド,1228.84,1232.96
3197,すかいらーくホールディングス,1755.2,1761.44
3198,SFPホールディングス,1647.76,1653.4
3199,綿半ホールディングス,1836.6,1842.24
3201,日本毛織,1005.92,1009.2
3202,ダイトウボウ,125.44,125.44
3204,トーア紡コーポレーション,493.68,493.96
3205,ダイドーリミテッド,216.2,216.84
3221,ヨシックス,2262.48,2265.6
3222,ユナイテッド・スーパーマーケット・ホールディングス,1112.92,1115.72
3223,エスエルディー,685.4,687.24
3224,ゼネラル・オイスター,894.48,898.88
3228,三栄建築設計,1242.56,1246.52
3231,野村不動産ホールディングス,2013.6,2026.52
3232,三重交通グループホールディングス,480.88,481.72
3236,プロパスト,154.36,155.28
3237,イントランス,87.68,88.6
3238,セントラル総合開発,277.8,278.6
3241,ウィル,276.6,278.48
3242,アーバネットコーポレーション,307.16,309.28
3244,サムティ,1440.92,1438.92
3245,ディア・ライフ,478.72,481.04
3246,コーセーアールイー,540.4,543.0
3248,アールエイジ,515.2,518.56
3252,日本商業開発,1529.64,1532.64
3254,プレサンスコーポレーション,1270.72,1270.28
3258,ユニゾホールディングス,,
3260,エスポア,,
3261,グランディーズ,371.2,372.24
3264,アスコット,159.92,160.6
3266,ファンドクリエーショングループ,89.88,90.44
3267,フィル・カンパニー,2930.56,2925.08
3271,THEグローバル社,226.04,222.36
3275,ハウスコム,1336.52,1334.24
3276,日本管理センター,1172.24,1181.28
3277,サンセイランディック,845.52,851.96
3280,エストラスト,629.64,630.24
3284,フージャースホールディングス,588.28,586.2
3286,トラストホールディングス,360.16,362.52
3288,オープンハウス,3071.64,3118.08
3289,東急不動産ホールディングス,552.4,553.52
3291,飯田グループホールディングス,1595.52,1608.8
3293,アズマハウス,1298.92,1301.24
3294,イーグランド,673.72,676.8
3297,東武住販,954.0,950.84
3299,ムゲンエステート,529.32,532.48
3300,AMBITION,635.4,633.68
3302,帝国繊維,2351.6,2347.76
3306,日本製麻,288.28,289.4
3315,日本コークス工業,62.92,63.24
3316,東京日産コンピュータシステム,498.64,498.64
3317,フライングガーデン,,
3319,ゴルフダイジェスト・オンライン,566.64,568.44
3320,クロスプラス,549.28,549.0
3321,ミタチ産業,614.16,614.56
3322,アルファグループ,,
3323,レカム,109.0,111.44
3326,ランシステム,573.68,576.72
3328,BEENOS,1068.72,1070.12
3329,東和フードサービス,1280.36,1281.52
3333,あさひ,1475.04,1477.52
3341,日本調剤,1674.72,1673.36
3344,ワンダーコーポレーション,585.92,589.56
3346,21LADY,137.88,138.28
3347,トラスト,165.68,166.04
3349,コスモス薬品,20935.6,20455.2
3350,レッド・プラネット・ジャパン,70.44,70.96
3352,バッファロー,1093.16,1093.48
3355,クリヤマホールディングス,550.16,552.64
3356,テリロジー,625.08,631.8
3358,ワイエスフード,235.72,239.64
3359,cotta,607.44,614.28
3360,シップヘルスケアホールディングス,4594.6,4586.4
3361,トーエル,709.72,711.2
3370,フジタコーポレーション,536.8,540.36
3371,ソフトクリエイトホールディングス,2105.4,2121.68
3372,関門海,330.4,331.84
3374,内外テック,1587.4,1589.68
3375,ZOA,,
3376,オンリー,600.24,601.48
3377,バイク王＆カンパニー,190.16,190.2
3382,セブン＆アイ・ホールディングス,3697.8,3707.08
3384,アークコア,378.32,379.56
3386,コスモ・バイオ,1220.92,1223.92
3387,クリエイト・レストランツ・ホールディングス,802.96,804.68
3388,明治電機工業,1392.92,1397.96
3390,INEST,62.6,62.8
3391,ツルハホールディングス,15511.2,15577.6
3392,デリカフーズホールディングス,630.68,630.96
3393,スターティアホールディングス,677.32,681.04
3395,サンマルクホールディングス,1835.44,1834.4
3396,フェリシモ,1060.16,1066.28
3397,トリドールホールディングス,1281.88,1280.72
3399,丸千代山岡家,1929.88,1939.48
3401,帝人,1751.6,1756.32
3402,東レ,521.6840000000001,523.2040000000001
3405,クラレ,1159.52,1165.52
3407,旭化成,856.7800000000002,861.364
3408,サカイオーベックス,2151.56,2162.32
3409,北日本紡績,3210.8,3065.08
3415,TOKYO_BASE,357.88,359.48
3416,ピクスタ,1324.32,1334.92
3417,大木ヘルスケアホールディングス,1090.16,1097.96
3418,バルニバービ,899.44,906.04
3419,アートグリーン,,
3420,ケー・エフ・シー,1996.24,1999.6
3421,稲葉製作所,1387.56,1388.72
3422,丸順,463.76,465.04
3423,エスイー,274.64,275.76
3426,アトムリビンテック,,
3431,宮地エンジニアリンググループ,1655.52,1660.68
3433,トーカロ,1062.48,1065.32
3434,アルファ,936.48,938.0
3435,サンコーテクノ,951.24,953.6
3436,SUMCO,1643.0,1642.2
3437,特殊電極,,
3439,三ツ知,2238.24,2237.44
3440,日創プロニティ,602.2,605.52
3441,山王,805.92,826.24
3442,MIEコーポレーション,,
3443,川田テクノロジーズ,5080.6,5087.8
3444,菊池製作所,826.28,834.08
3445,RSTechnologies,3439.8,3448.6
3446,ジェイテックコーポレーション,2604.4,2616.0
3447,信和,700.6,700.52
3449,テクノフレックス,1183.24,1190.0
3452,ビーロット,700.76,704.44
3454,ファーストブラザーズ,717.72,721.44
3457,ハウスドゥ,1020.2,1027.56
3458,シーアールイー,1238.6,1246.56
3461,パルマ,768.12,771.92
3464,プロパティエージェント,996.12,999.68
3465,ケイアイスター不動産,1522.24,1548.88
3467,アグレ都市デザイン,474.36,476.12
3469,デュアルタップ,401.68,402.08
3474,G-FACTORY,372.4,374.92
3475,グッドコムアセット,1679.36,1691.64
3477,フォーライフ,825.28,829.56
3479,ティーケーピー,2426.12,2438.68
3480,ジェイ・エス・ビー,2362.84,2376.84
3482,ロードスターキャピタル,633.84,637.28
3484,テンポイノベーション,704.04,704.16
3486,グローバル・リンク・マネジメント,613.8,618.0
3489,フェイスネットワーク,1028.24,1033.52
3490,アズ企画設計,,
3491,GA_technologies,3668.8,3790.4
3495,香陵住販,,
3496,アズーム,3402.8,3410.2
3497,リーガル不動産,969.52,974.48
3498,霞ヶ関キャピタル,3589.2,3605.8
3501,住江織物,1990.4,1998.8
3504,丸八ホールディングス,650.6,651.76
3512,日本フエルト,478.44,479.12
3513,イチカワ,1354.8,1349.4
3515,フジコー,,
3521,エコナックホールディングス,99.44,100.04
3524,日東製網,1397.96,1398.92
3526,芦森工業,882.08,891.32
3528,プロスペクト,34.0,34.48
3529,アツギ,619.8,620.08
3536,アクサスホールディングス,96.72,96.92
3537,昭栄薬品,,
3538,ウイルプラスホールディングス,728.16,728.52
3539,JMホールディングス,2682.36,2698.92
3540,歯愛メディカル,3738.04,3805.84
3541,農業総合研究所,455.4,455.96
3542,ベガコーポレーション,1346.6,1369.92
3543,コメダホールディングス,1872.6,1876.48
3544,サツドラホールディングス,2034.92,2036.84
3546,アレンザホールディングス,872.28,875.08
3547,串カツ田中ホールディングス,1702.16,1705.88
3548,バロックジャパンリミテッド,642.76,644.44
3549,クスリのアオキホールディングス,8679.2,8700.8
3550,スタジオアタオ,490.04,493.84
3551,ダイニック,760.04,759.68
3553,共和レザー,681.44,681.64
3556,リネットジャパングループ,449.96,451.28
3557,ユナイテッド＆コレクティブ,1185.16,1188.96
3558,ロコンド,1374.48,1397.72
3559,ピーバンドットコム,984.12,985.2
3560,ほぼ日,,
3561,力の源ホールディングス,744.64,746.72
3562,No.1,1309.28,1350.68
3563,スシローグローバルホールディングス,2301.56,2318.44
3564,LIXILビバ,2429.68,2453.52
3565,アセンテック,3161.0,3175.6
3566,ユニフォームネクスト,1125.08,1127.88
3569,セーレン,1334.76,1336.96
3571,ソトー,955.48,956.16
3577,東海染工,1126.04,1127.36
3578,倉庫精練,,
3580,小松マテーレ,757.16,758.0
3591,ワコールホールディングス,2184.8,2182.48
3593,ホギメディカル,3457.0,3457.6
3597,自重堂,6370.4,6392.4
3598,山喜,193.36,193.64
3600,フジックス,,
3604,川本産業,1302.2,1306.0
3606,レナウン,,
3607,クラウディアホールディングス,432.16,433.0
3608,TSIホールディングス,470.12,471.84
3611,マツオカコーポレーション,2164.6,2169.56
3612,ワールド,1536.84,1546.48
3622,ネットイヤーグループ,544.76,545.84
3623,ビリングシステム,1196.44,1215.56
3624,アクセルマーク,406.56,407.44
3625,テックファームホールディングス,937.84,942.16
3626,TIS,2254.32,2255.4
3627,ネオス,714.28,718.96
3628,データホライゾン,2344.76,2337.68
3630,電算システム,3408.32,3433.4
3632,グリー,446.32,446.52
3633,GMOペパボ,2213.52,2246.56
3634,ソケッツ,954.28,959.16
3635,コーエーテクモホールディングス,3165.6,3179.6
3636,三菱総合研究所,4070.6,4085.2
3639,ボルテージ,469.32,472.76
3640,電算,2160.28,2164.72
3641,パピレス,2216.68,2228.48
3645,メディカルネット,481.72,482.76
3646,駅探,542.28,546.28
3647,ジー・スリーホールディングス,228.36,230.12
3648,AGS,805.84,810.12
3649,ファインデックス,995.48,995.56
3652,ディジタルメディアプロフェッショナル,3961.8,3952.4
3653,モルフォ,2050.8,2061.84
3655,ブレインパッド,4935.4,4937.6
3656,KLab,757.08,759.44
3657,ポールトゥウィン・ピットクルーホールディングス,962.4,961.76
3658,イーブックイニシアティブジャパン,2536.4,2590.32
3659,ネクソン,2274.36,2285.48
3660,アイスタイル,309.0,310.12
3661,エムアップホールディングス,2456.08,2458.96
3662,エイチーム,781.48,787.84
3663,アートスパークホールディングス,684.72,691.48
3664,モブキャストホールディングス,178.0,178.52
3665,エニグモ,1023.88,1034.12
3666,テクノスジャパン,581.4,588.32
3667,enish,535.84,543.04
3668,コロプラ,1041.44,1039.2
3670,協立情報通信,,
3671,ソフトマックス,893.48,897.48
3672,オルトプラス,461.6,463.4
3673,ブロードリーフ,554.76,553.44
3674,オークファン,811.12,816.92
3675,クロス・マーケティンググループ,329.68,332.12
3676,デジタルハーツホールディングス,856.04,861.84
3677,システム情報,1198.52,1213.24
3678,メディアドゥホールディングス,4414.4,4438.8
3679,じげん,370.12,371.76
3680,ホットリンク,462.16,473.92
3681,ブイキューブ,1181.28,1189.56
3682,エンカレッジ・テクノロジ,875.28,874.52
3683,サイバーリンクス,1699.6,1723.68
3686,ディー・エル・イー,346.6,375.04
3687,フィックスターズ,1329.6,1335.32
3688,CARTAホールディングス,1085.08,1103.04
3689,イグニス,1596.04,1582.12
3690,イルグルム,1242.52,1257.88
3691,リアルワールド,568.56,570.72
3692,FFRI,2366.44,2382.04
3694,オプティム,2930.12,2971.28
3695,GMOリサーチ,1584.72,1594.8
3696,セレス,1219.36,1230.52
3697,SHIFT,10040.4,10139.2
3698,CRI・ミドルウェア,1750.92,1762.2
3708,特種東海製紙,4298.0,4321.8
3710,ジョルダン,1037.0,1043.08
3712,情報企画,2383.04,2388.44
3719,ジェクシード,124.6,125.12
3723,日本ファルコム,1286.48,1294.6
3726,フォーシーズホールディングス,494.2,495.6
3727,アプリックス,246.16,248.44
3733,ソフトウェア・サービス,10834.0,10923.2
3738,ティーガイア,2207.16,2205.36
3739,コムシード,459.28,458.04
3741,セック,3432.6,3420.2
3744,サイオス,751.32,761.2
3747,インタートレード,502.4,509.36
3750,FRACTALE,1440.28,1458.28
3751,日本アジアグループ,293.28,295.8
3753,フライトホールディングス,739.76,740.44
3756,豆蔵ホールディングス,,
3758,アエリア,544.04,541.16
3760,ケイブ,1321.24,1336.72
3762,テクマトリックス,3445.2,3479.8
3763,プロシップ,1295.12,1299.4
3765,ガンホー・オンライン・エンターテイメント,1779.64,1786.0
3766,システムズ・デザイン,591.56,594.36
3768,リスクモンスター,1723.48,1724.8
3769,GMOペイメントゲートウェイ,11667.6,11687.6
3770,ザッパラス,379.76,382.08
3771,システムリサーチ,1914.08,1928.92
3772,ウェルス・マネジメント,1083.12,1094.24
3773,アドバンスト・メディア,1085.88,1097.8
3774,インターネットイニシアティブ,3855.6,3850.8
3775,ガイアックス,800.16,807.44
3776,ブロードバンドタワー,219.72,221.24
3777,FHTホールディングス,23.8,23.88
3778,さくらインターネット,621.56,624.96
3779,ジェイ・エスコムホールディングス,111.36,111.8
3782,ディー・ディー・エス,253.36,254.56
3784,ヴィンクス,1142.08,1151.24
3787,テクノマセマティカル,831.36,837.88
3788,GMOクラウド,6212.6,6411.8
3791,IGポート,1629.08,1640.08
3793,ドリコム,688.8,691.0
3796,いい生活,538.56,540.8
3798,ULSグループ,2685.92,2704.0
3799,キーウェアソリューションズ,713.12,719.04
3800,ユニリタ,1794.88,1799.44
3802,エコミック,1100.32,1113.96
3803,イメージ情報開発,544.28,553.04
3804,システムディ,1199.0,1215.2
3807,フィスコ,130.16,131.6
3808,オウケイウェイヴ,511.44,519.24
3810,サイバーステップ,1403.88,1405.68
3814,アルファクス・フード・システム,665.68,665.44
3815,メディア工房,326.4,326.72
3816,大和コンピューター,1665.56,1673.8
3817,SRAホールディングス,2360.44,2367.2
3823,アクロディア,226.04,229.24
3824,メディアファイブ,,
3825,リミックスポイント,100.08,100.16
3826,システムインテグレータ,874.44,881.52
3830,ギガプライズ,1237.12,1244.6
3834,朝日ネット,1186.6,1200.48
3835,eBASE,1239.64,1248.24
3836,アバント,1096.6,1100.8
3837,アドソル日進,2563.32,2564.8
3839,ODKソリューションズ,577.88,581.64
3840,パス,166.88,169.96
3841,ジーダット,,
3842,ネクストジェン,1755.44,1756.72
3843,フリービット,851.64,853.44
3844,コムチュア,2805.72,2830.44
3845,アイフリークモバイル,163.36,165.84
3848,データ・アプリケーション,1405.2,1401.96
3849,日本テクノ・ラボ,,
3850,エヌ・ティ・ティ・データ・イントラマート,3566.4,3580.8
3851,日本一ソフトウェア,1048.64,1047.92
3852,サイバーコム,1870.16,1871.12
3853,アステリア,503.28,507.56
3854,アイル,1751.56,1752.56
3856,Abalance,625.68,631.08
3857,ラック,1220.16,1227.0
3858,ユビキタスAIコーポレーション,682.0,685.36
3861,王子ホールディングス,534.68,534.4
3863,日本製紙,1585.88,1591.56
3864,三菱製紙,377.76,376.8
3865,北越コーポレーション,399.8,399.68
3877,中越パルプ工業,1444.48,1454.64
3878,巴川製紙所,895.24,898.32
3880,大王製紙,1452.36,1453.6
3891,ニッポン高度紙工業,1100.96,1107.44
3892,岡山製紙,1003.28,1006.04
3895,ハビックス,668.4,669.32
3896,阿波製紙,515.88,516.76
3900,クラウドワークス,1376.04,1388.16
3901,マークラインズ,1998.72,2014.0
3902,メディカル・データ・ビジョン,1091.72,1097.6
3903,gumi,900.0,907.92
3904,カヤック,731.12,736.56
3905,データセクション,660.68,672.36
3906,ALBERT,6573.2,6635.6
3907,シリコンスタジオ,1429.36,1436.28
3908,コラボス,521.88,520.84
3909,ショーケース,602.88,611.4
3910,エムケイシステム,963.12,965.4
3911,Aiming,777.64,783.08
3912,モバイルファクトリー,1173.24,1173.96
3913,sMedio,909.8,918.6
3914,JIG-SAW,5178.2,5155.8
3915,テラスカイ,2888.72,2898.32
3916,デジタル・インフォメーション・テクノロジー,1500.2,1503.28
3917,アイリッジ,1014.36,1021.28
3918,PCIホールディングス,1043.12,1059.32
3919,パイプドHD,1567.12,1579.44
3920,アイビーシー,1080.72,1083.72
3921,ネオジャパン,1454.56,1496.96
3922,PR_TIMES,2521.52,2539.6
3923,ラクス,2077.12,2084.72
3924,ランドコンピュータ,1101.88,1105.0
3925,ダブルスタンダード,4691.2,4697.0
3926,オープンドア,1267.08,1278.4
3927,フーバーブレイン,1982.8,1994.72
3928,マイネット,1122.8,1129.08
3929,ソーシャルワイヤー,1009.2,1026.88
3930,はてな,1955.88,1953.96
3931,バリューゴルフ,1060.36,1063.0
3932,アカツキ,4176.0,4168.6
3933,チエル,3969.68,4065.24
3934,ベネフィットジャパン,1537.04,1543.04
3935,エディア,517.76,521.32
3936,グローバルウェイ,1236.6,1244.92
3937,Ubicomホールディングス,1700.48,1735.12
3938,LINE,5355.6,5357.2
3939,カナミックネットワーク,884.64,890.04
3940,ノムラシステムコーポレーション,543.0,552.96
3941,レンゴー,872.4,872.8
3944,古林紙工,2618.36,2620.76
3945,スーパーバッグ,1485.92,1490.56
3946,トーモク,1727.4,1726.68
3947,ダイナパック,,
3948,光ビジネスフォーム,375.08,375.44
3950,ザ・パック,3171.4,3176.2
3951,朝日印刷,904.12,902.88
3952,中央紙器工業,,
3953,大村紙業,691.36,690.76
3954,昭和パックス,,
3955,イムラ封筒,623.32,626.56
3956,国際チャート,307.52,306.36
3960,バリューデザイン,4392.0,4379.6
3961,シルバーエッグ・テクノロジー,1572.32,1618.6
3962,チェンジ,5461.2,5598.8
3963,シンクロ・フード,353.32,354.96
3964,オークネット,1105.84,1107.76
3965,キャピタル・アセット・プランニング,747.32,755.76
3966,ユーザベース,2383.88,2386.08
3967,エルテス,1752.52,1766.24
3968,セグエグループ,856.0,860.24
3969,エイトレッド,1958.08,1979.24
3970,イノベーション,3864.92,3996.72
3974,ティビィシィ・スキヤツト,1239.96,1243.08
3975,AOI_TYOホールディングス,479.64,480.32
3976,シャノン,1839.72,1880.48
3978,マクロミル,744.88,747.84
3979,うるる,1774.72,1793.72
3981,ビーグリー,1543.88,1559.16
3983,オロ,2884.64,2876.84
3984,ユーザーローカル,3278.72,3301.8
3985,テモナ,828.08,842.04
3986,ビーブレイクシステムズ,1548.16,1560.2
3987,エコモット,1159.72,1165.6
3988,SYSホールディングス,1424.96,1440.96
3989,シェアリングテクノロジー,314.88,324.96
3990,UUUM,2793.32,2805.64
3991,ウォンテッドリー,1475.76,1486.56
3992,ニーズウェル,693.72,697.56
3993,PKSHA_Technology,3163.64,3168.04
3994,マネーフォワード,6390.8,6421.2
3995,SKIYAKI,468.56,477.84
3996,サインポスト,1747.6,1768.24
3997,トレードワークス,783.2,785.52
3998,すららネット,9474.4,9792.8
3999,ナレッジスイート,734.12,739.0
4004,昭和電工,2525.64,2536.56
4005,住友化学,338.24,338.88
4008,住友精化,3210.08,3226.68
4021,日産化学,4929.2,4988.8
4022,ラサ工業,1499.48,1503.76
4023,クレハ,4824.2,4846.4
4025,多木化学,7205.2,7282.4
4026,神島化学工業,773.96,779.44
4027,テイカ,1548.32,1542.24
4028,石原産業,749.56,750.36
4031,片倉コープアグリ,1204.04,1206.12
4041,日本曹達,2967.52,2970.84
4042,東ソー,1499.4,1503.48
4043,トクヤマ,2522.16,2528.16
4044,セントラル硝子,1986.96,1988.28
4045,東亞合成,1039.16,1042.52
4046,大阪ソーダ,2561.68,2559.4
4047,関東電化工業,905.56,901.88
4061,デンカ,2701.16,2701.28
4062,イビデン,2944.4,2947.24
4063,信越化学工業,12403.0,12421.2
4064,日本カーバイド工業,1349.28,1354.52
4078,堺化学工業,1957.8,1963.72
4080,田中化学研究所,704.68,713.92
4082,第一稀元素化学工業,784.2,785.28
4088,エア・ウォーター,1556.0,1557.36
4091,大陽日酸,1865.88,1868.92
4092,日本化学工業,2304.84,2308.56
4093,東邦アセチレン,1293.0,1291.96
4094,日本化学産業,998.16,999.56
4095,日本パーカライジング,1148.72,1148.76
4097,高圧ガス工業,763.72,763.16
4098,チタン工業,1820.0,1823.92
4099,四国化成工業,1100.08,1102.04
4100,戸田工業,1763.84,1792.28
4102,丸尾カルシウム,,
4107,伊勢化学工業,3136.0,3128.4
4109,ステラケミファ,2670.44,2664.88
4112,保土谷化学工業,3890.6,3911.6
4113,田岡化学工業,9966.0,10073.2
4114,日本触媒,5882.0,5898.4
4115,本州化学工業,1135.28,1137.96
4116,大日精化工業,2482.24,2486.52
4118,カネカ,2864.56,2865.76
4119,日本ピグメント,1611.28,1614.72
4120,スガイ化学工業,1399.2,1398.48
4124,大阪油化工業,1205.28,1209.24
4151,協和キリン,2806.4,2816.04
4182,三菱瓦斯化学,1599.24,1608.32
4183,三井化学,2234.28,2251.16
4185,JSR,2017.36,2019.28
4186,東京応化工業,5016.0,5010.0
4187,大阪有機化学工業,1901.28,1911.96
4188,三菱ケミカルホールディングス,636.8799999999999,639.3919999999999
4189,KHネオケム,2083.56,2092.52
4202,ダイセル,903.88,903.56
4203,住友ベークライト,3097.88,3106.2
4204,積水化学工業,1498.8,1507.44
4205,日本ゼオン,1019.48,1023.04
4206,アイカ工業,3229.4,3246.8
4208,宇部興産,1890.6,1896.56
4212,積水樹脂,2283.88,2284.2
4215,タキロンシーアイ,686.48,690.08
4216,旭有機材,1474.48,1481.16
4217,日立化成,4618.6,
4218,ニチバン,1501.36,1502.48
4220,リケンテクノス,428.96,430.48
4221,大倉工業,1612.2,1615.92
4222,児玉化学工業,327.64,329.92
4224,ロンシール工業,1739.36,1745.24
4228,積水化成品工業,601.36,601.16
4229,群栄化学工業,2731.48,2732.84
4231,タイガースポリマー,468.92,471.84
4234,サンエー化研,448.84,447.64
4235,ウルトラファブリックス・ホールディングス,930.08,931.4
4237,フジプレアム,235.44,236.52
4238,ミライアル,1177.4,1174.72
4240,クラスターテクノロジー,400.4,402.84
4241,アテクト,886.84,892.04
4242,タカギセイコー,1871.48,1887.52
4243,ニックス,750.56,
4245,ダイキアクシス,778.68,782.4
4246,ダイキョーニシカワ,582.48,580.0
4247,ポバール興業,,
4248,竹本容器,749.84,750.96
4249,森六ホールディングス,1604.48,1611.4
4251,恵和,1500.64,1507.48
4272,日本化薬,1084.28,1086.96
4274,細谷火工,1001.2,1007.64
4275,カーリットホールディングス,537.0,537.8
4282,EPSホールディングス,1098.24,1096.72
4284,ソルクシーズ,704.32,708.2
4286,レッグス,1006.52,1008.4
4287,ジャストプランニング,441.76,447.2
4288,アズジェント,1625.8,1627.24
4290,プレステージ・インターナショナル,902.0,898.56
4293,セプテーニ・ホールディングス,211.92,211.88
4295,フェイス,653.88,657.72
4298,プロトコーポレーション,1073.64,1077.16
4299,ハイマックス,1963.76,1965.76
4301,アミューズ,2322.76,2328.04
4304,Eストアー,1083.08,1078.2
4307,野村総合研究所,2722.12,2734.72
4308,Jストリーム,1962.6,1985.56
4310,ドリームインキュベータ,1460.2,1460.12
4312,サイバネットシステム,682.24,682.52
4316,ビーマップ,849.04,851.52
4317,レイ,391.76,393.72
4318,クイック,1226.08,1229.4
4319,TAC,193.68,193.84
4320,CEホールディングス,498.96,508.72
4321,ケネディクス,561.36,563.84
4323,日本システム技術,1400.92,1425.8
4324,電通グループ,2730.6,2750.36
4326,インテージホールディングス,857.12,859.6
4327,日本エス・エイチ・エル,2087.4,2092.92
4331,テイクアンドギヴ・ニーズ,695.8,698.8
4333,東邦システムサイエンス,928.2,928.48
4334,ユークス,434.76,437.12
4335,アイ・ピー・エス,684.68,690.52
4336,クリエアナブキ,488.92,488.44
4337,ぴあ,3580.0,3590.2
4341,西菱電機,,
4342,セコム上信越,3375.0,3380.6
4343,イオンファンタジー,1830.04,1827.48
4344,ソースネクスト,317.24,316.8
4345,シーティーエス,770.04,778.16
4346,ネクシィーズグループ,1059.72,1061.88
4347,ブロードメディア,105.0,105.76
4348,インフォコム,2821.52,2841.64
4350,メディカルシステムネットワーク,477.88,480.0
4351,山田債権回収管理総合事務所,,
4355,ロングライフホールディング,316.96,317.64
4356,応用技術,2792.32,2790.84
4361,川口化学工業,948.8,952.04
4362,日本精化,1419.04,1426.92
4364,マナック,988.48,989.2
4365,松本油脂製薬,,
4366,ダイトーケミックス,604.64,609.44
4367,広栄化学工業,2973.68,2965.44
4368,扶桑化学工業,3864.6,3871.6
4369,トリケミカル研究所,10871.2,10944.0
4380,Mマート,1676.04,1684.24
4381,ビープラッツ,1432.6,1454.6
4382,HEROZ,3960.4,3970.0
4384,ラクスル,2840.44,2867.32
4385,メルカリ,3105.2,3123.0
4386,SIG,683.36,695.8
4387,ZUU,4741.4,4842.2
4388,エーアイ,1847.76,1861.16
4389,プロパティデータバンク,1025.12,1045.92
4390,IPS,2238.44,2284.92
4391,ロジザード,1773.6,1788.4
4392,FIG,278.16,279.24
4393,バンク・オブ・イノベーション,1951.36,1944.48
4394,エクスモーション,1634.92,1633.6
4395,アクリート,869.2,871.12
4396,システムサポート,2734.0,2709.16
4397,チームスピリット,2688.56,2705.36
4398,ブロードバンドセキュリティ,2197.84,2233.48
4399,くふうカンパニー,878.12,880.68
4401,ADEKA,1472.72,1473.64
4403,日油,3778.0,3778.6
4404,ミヨシ油脂,1127.24,1129.6
4406,新日本理化,176.24,176.08
4409,東邦化学工業,497.28,496.64
4410,ハリマ化成グループ,991.96,996.4
4420,イーソル,1417.92,1419.56
4421,ディ・アイ・システム,1356.88,1371.04
4422,VALUENEX,1548.32,1544.08
4423,アルテリア・ネットワークス,2005.48,2002.24
4424,Amazia,4086.0,4097.4
4425,Kudan,5485.0,5483.0
4427,EduLab,4981.0,5071.0
4428,シノプス,1886.28,1910.92
4429,リックソフト,6005.2,6036.0
4430,東海ソフト,1331.96,1330.76
4431,スマレジ,3633.2,3647.4
4433,ヒト・コミュニケーションズ・ホールディングス,1037.24,1043.56
4434,サーバーワークス,18915.6,19066.8
4435,カオナビ,4015.2,4066.6
4436,ミンカブ・ジ・インフォノイド,1435.4,1435.72
4437,gooddaysホールディングス,1028.08,1038.68
4438,Welby,2119.72,2150.08
4439,東名,1380.76,1384.84
4440,ヴィッツ,1662.8,1686.96
4441,トビラシステムズ,1901.2,1917.0
4442,バルテス,1744.28,1769.24
4443,Sansan,4999.6,4984.6
4444,インフォネット,1390.52,1411.16
4445,リビン・テクノロジーズ,1900.08,1922.52
4446,Link-U,2111.88,2142.36
4447,ピー・ビーシステムズ,2546.32,2619.92
4448,Chatwork,1525.84,1546.88
4449,ギフティ,1828.32,1868.0
4450,パワーソリューションズ,2257.08,2276.64
4452,花王,8791.32,8786.92
4461,第一工業製薬,4716.0,4729.0
4462,石原ケミカル,1947.36,1947.8
4463,日華化学,937.36,940.24
4464,ソフト99コーポレーション,857.52,857.24
4465,ニイタカ,3878.04,4010.2
4471,三洋化成工業,4843.2,4859.2
4475,HENNGE,4008.8,4080.6
4476,AI_CROSS,1867.72,1878.08
4477,BASE,3489.32,3580.76
4478,フリー,4859.2,4886.6
4479,マクアケ,5533.2,5620.4
4480,メドレー,3570.2,3617.0
4481,ベース,9420.6,9299.0
4482,ウィルズ,4187.0,4186.2
4483,JMDC,7149.6,7143.6
4484,ランサーズ,793.0,796.56
4485,JTOWER,4916.4,4982.8
4486,ユナイトアンドグロウ,2182.32,2206.28
4487,スペースマーケット,1049.16,1058.04
4488,AI_inside,27082.4,27692.4
4490,ビザスク,2037.2,2042.96
4491,コンピューターマネージメント,3149.4,3159.04
4492,ゼネテック,2185.96,2224.88
4493,サイバーセキュリティクラウド,25843.2,26142.8
4502,武田薬品工業,4082.56,4083.04
4503,アステラス製薬,1799.68,1801.38
4506,大日本住友製薬,1490.08,1495.48
4507,塩野義製薬,6203.48,6252.4
4512,わかもと製薬,279.0,280.76
4514,あすか製薬,1182.92,1185.44
4516,日本新薬,8711.6,8759.6
4517,ビオフェルミン製薬,2302.32,2307.24
4519,中外製薬,15293.8,15440.6
4521,科研製薬,5728.0,5730.4
4523,エーザイ,8221.36,8263.28
4524,森下仁丹,1908.96,1909.36
4526,理研ビタミン,2217.36,2225.2
4527,ロート製薬,3316.2,3322.0
4528,小野薬品工業,2984.0,3000.54
4530,久光製薬,5315.6,5347.2
4531,有機合成薬品工業,369.16,370.52
4534,持田製薬,4061.8,4067.8
4536,参天製薬,1961.08,1966.16
4538,扶桑薬品工業,2547.2,2553.4
4539,日本ケミファ,2680.28,2681.96
4540,ツムラ,2901.96,2906.28
4541,日医工,1315.32,1312.8
4543,テルモ,4052.44,4071.16
4544,みらかホールディングス,2556.12,2563.64
4547,キッセイ薬品工業,2628.0,2633.84
4548,生化学工業,1132.64,1137.04
4549,栄研化学,1801.6,1802.8
4550,日水製薬,1232.72,1231.48
4551,鳥居薬品,3083.84,3091.36
4552,JCRファーマ,11956.4,11967.2
4553,東和薬品,2192.84,2190.04
4554,富士製薬工業,1204.36,1207.88
4555,沢井製薬,5763.2,5773.2
4556,カイノス,1045.8,1047.48
4557,医学生物学研究所,3783.8,3785.0
4558,中京医薬品,448.64,450.84
4559,ゼリア新薬工業,2091.92,2088.52
4563,アンジェス,1991.28,2026.0
4564,オンコセラピー・サイエンス,131.08,134.16
4565,そーせいグループ,1764.24,1765.44
4568,第一三共,8979.72,8998.92
4569,キョーリン製薬ホールディングス,2201.48,2202.92
4570,免疫生物研究所,633.92,634.84
4571,ナノキャリア,392.48,407.96
4572,カルナバイオサイエンス,1617.08,1624.24
4574,大幸薬品,2125.24,2146.76
4575,キャンバス,793.28,793.8
4576,デ・ウエスタン・セラピテクス研究所,463.84,467.52
4577,ダイト,4186.4,4195.6
4578,大塚ホールディングス,4645.0,4666.48
4579,ラクオリア創薬,1121.52,1124.96
4581,大正製薬ホールディングス,6609.6,6627.6
4582,シンバイオ製薬,483.24,488.28
4583,カイオム・バイオサイエンス,375.2,379.92
4584,ジーンテクノサイエンス,737.16,742.28
4586,メドレックス,385.96,387.84
4587,ペプチドリーム,4765.0,4798.8
4588,オンコリスバイオファーマ,1865.16,1929.16
4591,リボミック,491.44,495.2
4592,サンバイオ,1701.76,1714.48
4593,ヘリオス,1804.2,1804.8
4594,ブライトパス・バイオ,277.88,280.56
4595,ミズホメディー,1564.36,1564.24
4596,窪田製薬ホールディングス,299.36,301.84
4597,ソレイジア・ファーマ,173.04,175.56
4598,Delta-Fly_Pharma,1972.4,2006.0
4599,ステムリム,607.96,610.64
4611,大日本塗料,951.76,950.76
4612,日本ペイントホールディングス,7636.8,7685.6
4613,関西ペイント,2208.2,2215.24
4615,神東塗料,185.84,186.6
4616,川上塗料,1357.08,1356.92
4617,中国塗料,795.96,797.32
4619,日本特殊塗料,928.04,932.48
4620,藤倉化成,503.8,506.08
4621,ロックペイント,,
4623,アサヒペン,1699.08,1698.12
4626,太陽ホールディングス,4993.0,5002.4
4627,ナトコ,,
4629,大伸化学,1244.92,1244.6
4631,DIC,2763.96,2770.2
4633,サカタインクス,1022.04,1024.32
4634,東洋インキSCホールディングス,2071.24,2075.96
4635,東京インキ,1988.04,1987.6
4636,T＆K　TOKA,782.96,786.28
4640,アンドール,449.2,450.12
4641,アルプス技研,1894.36,1897.68
4642,オリジナル設計,901.16,901.92
4644,イマジニア,1099.12,1098.84
4645,市進ホールディングス,399.64,399.84
4649,大成,,
4650,SDエンターテイメント,420.64,421.96
4651,サニックス,305.08,305.04
4653,ダイオーズ,1095.04,1093.68
4657,環境管理センター,493.56,494.68
4658,日本空調サービス,720.2,721.84
4659,エイジス,2652.44,2654.84
4661,オリエンタルランド,15345.8,15376.4
4662,フォーカスシステムズ,875.76,880.44
4664,アール・エス・シー,530.0,531.4
4665,ダスキン,2828.6,2824.04
4666,パーク24,2058.64,2055.16
4667,アイサンテクノロジー,1878.84,1899.6
4668,明光ネットワークジャパン,854.88,856.36
4669,ニッパンレンタル,738.68,740.64
4671,ファルコホールディングス,1610.6,1610.28
4674,クレスコ,1503.64,1506.96
4676,フジ・メディア・ホールディングス,1075.24,1077.96
4678,秀英予備校,420.96,421.16
4679,田谷,531.36,532.72
4680,ラウンドワン,915.0,914.28
4681,リゾートトラスト,1369.32,1381.2
4684,オービック,18316.8,18386.8
4686,ジャストシステム,7299.6,7316.0
4687,TDCソフト,932.08,935.32
4689,Zホールディングス,452.12,455.2
4690,日本パレットプール,3480.4,3489.6
4691,ワシントンホテル,805.12,805.92
4694,ビー・エム・エル,2972.0,2984.76
4696,ワタベウェディング,391.44,391.12
4699,ウチダエスコ,4597.0,4659.8
4704,トレンドマイクロ,5963.6,5980.8
4705,クリップコーポレーション,753.64,755.56
4707,キタック,301.16,301.16
4708,りらいあコミュニケーションズ,1186.8,1181.6
4709,IDホールディングス,1483.8,1484.24
4712,KeyHolder,136.36,137.8
4714,リソー教育,310.36,312.76
4716,日本オラクル,12451.2,12432.4
4718,早稲田アカデミー,957.44,956.44
4719,アルファシステムズ,3929.6,3931.4
4720,城南進学研究社,358.4,360.2
4722,フューチャー,1756.4,1760.6
4725,CACホールディングス,1276.48,1283.56
4726,SBテクノロジー,2808.2,2829.64
4728,トーセ,847.56,848.68
4732,ユー・エス・エス,1850.04,1853.28
4733,オービックビジネスコンサルタント,5641.4,5680.8
4734,ビーイング,645.6,645.8
4735,京進,681.92,680.52
4736,日本ラッド,814.36,820.44
4739,伊藤忠テクノソリューションズ,3659.4,3675.0
4743,アイティフォー,718.16,720.08
4745,東京個別指導学院,603.48,602.44
4746,東計電算,4054.8,4081.8
4748,構造計画研究所,2849.92,2853.12
4750,ダイサン,613.08,613.2
4751,サイバーエージェント,5227.4,5238.8
4752,昭和システムエンジニアリング,770.2,772.16
4754,トスネット,974.16,979.16
4755,楽天,978.76,976.16
4761,さくらケーシーエス,,
4762,エックスネット,972.44,972.84
4763,クリーク・アンド・リバー社,1057.56,1063.08
4764,SAMURAI＆J_PARTNERS,107.36,109.16
4765,モーニングスター,373.32,374.6
4766,ピーエイ,152.76,153.56
4767,テー・オー・ダブリュー,352.72,357.2
4768,大塚商会,5200.8,5238.2
4769,インフォメーションクリエーティブ,754.6,764.12
4770,図研エルミック,318.72,322.08
4771,エフアンドエム,1121.68,1124.32
4772,ストリームメディアコーポレーション,210.0,213.44
4776,サイボウズ,2796.56,2842.12
4777,ガーラ,221.28,222.36
4779,ソフトブレーン,511.28,509.96
4781,日本ハウズイング,,
4783,日本コンピュータ・ダイナミクス,663.28,660.52
4784,GMOアドパートナーズ,406.96,409.72
4792,山田コンサルティンググループ,1314.68,1325.12
4800,オリコン,949.4,954.16
4801,セントラルスポーツ,2539.56,2544.4
4809,パラカ,1742.68,1743.44
4812,電通国際情報サービス,4906.4,4923.6
4813,ACCESS,974.4,978.68
4814,ネクストウェア,207.8,210.36
4816,東映アニメーション,5264.0,5255.2
4819,デジタルガレージ,3821.6,3805.6
4820,イーエムシステムズ,858.4,862.4
4824,メディアシーク,579.28,582.68
4825,ウェザーニューズ,3817.2,3816.2
4826,CIJ,894.64,897.28
4827,ビジネス・ワンホールディングス,,
4828,ビジネスエンジニアリング,2676.76,2688.8
4829,日本エンタープライズ,258.36,259.6
4832,JFEシステムズ,3233.2,3227.2
4833,ぱど,291.88,291.88
4834,キャリアバンク,,
4837,シダックス,276.16,275.4
4838,スペースシャワーネットワーク,439.4,437.56
4839,WOWOW,2496.8,2500.76
4840,トライアイズ,324.16,324.64
4845,スカラ,696.64,703.24
4847,インテリジェントウェイブ,758.88,766.12
4848,フルキャストホールディングス,1573.64,1578.2
4849,エン・ジャパン,2956.08,2970.28
4875,メディシノバ・インク（外国株）,587.8,587.16
4880,セルソース,10502.4,10775.2
4901,富士フイルムホールディングス,4954.52,4944.0
4902,コニカミノルタ,408.72,409.88
4911,資生堂,6811.76,6835.8
4912,ライオン,2437.44,2441.2
4914,高砂香料工業,2410.4,2411.56
4917,マンダム,2142.0,2142.08
4918,アイビー化粧品,825.0,820.72
4919,ミルボン,5213.4,5224.4
4920,日本色材工業研究所,,
4921,ファンケル,3102.4,3105.8
4922,コーセー,13975.6,14028.4
4923,コタ,1198.68,1199.76
4925,ハーバー研究所,4783.4,4797.4
4926,シーボン,2109.96,2105.92
4927,ポーラ・オルビスホールディングス,2096.48,2096.44
4928,ノエビアホールディングス,4768.8,4763.0
4929,アジュバンコスメジャパン,947.48,947.72
4931,新日本製薬,1591.56,1605.56
4951,エステー,1647.44,1652.28
4952,エス・ディー・エスバイオテック,839.24,840.2
4955,アグロカネショウ,1396.96,1394.68
4956,コニシ,1500.0,1500.08
4957,ヤスハラケミカル,520.16,520.52
4958,長谷川香料,2323.68,2329.36
4960,ケミプロ化成,223.52,224.56
4962,互応化学工業,,
4963,星光PMC,710.6,713.6
4966,上村工業,6529.6,6556.4
4967,小林製薬,9692.0,9703.6
4968,荒川化学工業,1286.16,1283.52
4970,東洋合成工業,7706.8,7767.6
4971,メック,2027.2,2024.0
4972,綜研化学,1147.6,1153.88
4973,日本高純度化学,2620.6,2616.12
4974,タカラバイオ,2912.52,2946.52
4975,JCU,3136.12,3148.52
4977,新田ゼラチン,719.72,722.4
4978,リプロセル,462.92,464.96
4979,OATアグリオ,1120.8,1123.64
4980,デクセリアルズ,848.76,849.48
4985,アース製薬,6984.4,7034.0
4987,寺岡製作所,366.48,369.12
4990,昭和化学工業,583.12,587.32
4992,北興化学工業,609.28,611.32
4994,大成ラミック,2706.08,2708.72
4996,クミアイ化学工業,874.08,875.76
4997,日本農薬,477.16,477.68
4998,フマキラー,1736.76,1755.56
4999,セメダイン,694.92,694.72
5008,東亜石油,1851.08,1862.6
5009,富士興産,490.52,492.64
5010,日本精蝋,209.16,209.8
5011,ニチレキ,1595.56,1600.56
5013,ユシロ化学工業,1258.56,1264.64
5015,ビーピー・カストロール,1251.36,1252.64
5017,富士石油,181.8,181.92
5018,MORESCO,1043.48,1047.24
5019,出光興産,2430.28,2426.4
5020,JXTGホールディングス,407.46799999999996,408.13999999999993
5021,コスモエネルギーホールディングス,1693.0,1696.72
5070,ドラフト,1124.96,1136.24
5071,ヴィス,689.52,690.68
5101,横浜ゴム,1595.6,1601.48
5103,昭和ホールディングス,52.96,53.28
5104,日東化工,,
5105,TOYO_TIRE,1522.36,1527.12
5108,ブリヂストン,3510.36,3523.2
5110,住友ゴム工業,1118.36,1120.64
5121,藤倉コンポジット,375.8,376.64
5122,オカモト,3934.4,3926.8
5142,アキレス,1672.8,1683.6
5161,西川ゴム工業,1263.08,1273.24
5162,朝日ラバー,588.4,591.68
5184,ニチリン,1375.2,1381.56
5185,フコク,673.48,676.2
5186,ニッタ,2249.76,2259.84
5187,クリエートメディック,978.68,978.84
5189,櫻護謨,,
5191,住友理工,642.36,644.6
5192,三ツ星ベルト,1659.76,1667.52
5194,相模ゴム工業,1677.72,1671.56
5195,バンドー化学,635.36,636.12
5199,不二ラテックス,2683.24,2728.8
5201,AGC,3181.0,3205.72
5202,日本板硝子,419.36,421.72
5204,石塚硝子,2107.72,2106.88
5208,有沢製作所,807.84,809.28
5210,日本山村硝子,858.88,860.6
5212,不二硝子,502.6,505.84
5214,日本電気硝子,1731.68,1740.64
5216,倉元製作所,154.92,155.32
5217,テクノクオーツ,13155.6,13347.6
5218,オハラ,1002.92,1008.4
5232,住友大阪セメント,3797.4,3804.2
5233,太平洋セメント,2505.56,2521.48
5237,ノザワ,576.48,577.24
5261,リソルホールディングス,3468.0,3472.0
5262,日本ヒューム,723.24,725.64
5268,旭コンクリート工業,,
5269,日本コンクリート工業,271.96,272.76
5271,トーヨーアサノ,1581.96,1585.4
5273,三谷セキサン,5166.8,5196.0
5277,スパンクリートコーポレーション,,
5279,日本興業,741.4,744.48
5280,ヨシコン,869.2,872.24
5282,ジオスター,319.64,320.96
5284,ヤマウ,396.8,398.2
5285,ヤマックス,2200.48,2241.44
5287,イトーヨーギョー,1186.68,1202.68
5288,アジアパイルホールディングス,454.88,457.28
5290,ベルテクスコーポレーション,1734.04,1746.32
5301,東海カーボン,986.72,993.88
5302,日本カーボン,3442.2,3461.4
5304,SECカーボン,7021.6,7009.2
5310,東洋炭素,1666.04,1669.56
5331,ノリタケカンパニーリミテド,3486.4,3502.2
5332,TOTO,4221.0,4241.6
5333,日本碍子,1554.84,1562.28
5334,日本特殊陶業,1696.48,1698.12
5337,ダントーホールディングス,90.16,90.44
5341,アサヒ衛陶,400.72,405.52
5342,ジャニス工業,,
5343,ニッコー,151.6,151.56
5344,MARUWA,8112.0,8112.0
5351,品川リフラクトリーズ,2388.2,2390.08
5352,黒崎播磨,3980.0,3983.4
5356,美濃窯業,427.04,427.6
5357,ヨータイ,689.4,693.72
5358,イソライト工業,495.52,496.16
5363,東京窯業,303.6,304.12
5367,ニッカトー,679.68,683.0
5368,日本インシュレーション,996.4,1000.84
5381,Mipox,344.16,347.48
5384,フジミインコーポレーテッド,3093.2,3095.0
5386,鶴弥,386.88,387.52
5387,チヨダウーテ,,
5388,クニミネ工業,1008.68,1007.48
5391,エーアンドエーマテリアル,1165.36,1164.16
5393,ニチアス,2377.56,2374.68
5401,日本製鉄,1020.5520000000001,1027.744
5406,神戸製鋼所,407.2,408.56
5408,中山製鋼所,358.12,358.68
5410,合同製鐵,2058.16,2055.8
5411,ジェイエフイーホールディングス,804.44,809.96
5423,東京製鐵,690.12,687.6
5440,共英製鋼,1391.16,1388.08
5444,大和工業,2229.96,2233.36
5445,東京鐵鋼,1327.48,1332.56
5446,北越メタル,1158.68,1157.56
5449,大阪製鐵,1258.8,1262.6
5451,淀川製鋼所,1754.72,1762.8
5458,高砂鐵工,,
5461,中部鋼鈑,645.92,649.36
5463,丸一鋼管,2777.72,2778.92
5464,モリ工業,2379.12,2385.4
5471,大同特殊鋼,3616.6,3617.8
5476,日本高周波鋼業,387.52,387.28
5480,日本冶金工業,1729.6,1730.8
5481,山陽特殊製鋼,997.12,997.64
5482,愛知製鋼,2983.08,3001.92
5484,東北特殊鋼,1370.24,1376.12
5486,日立金属,1223.88,1235.4
5491,日本金属,678.24,679.36
5541,大平洋金属,1727.48,1736.68
5542,新報国製鉄,899.32,902.52
5563,新日本電工,162.2,163.16
5602,栗本鐵工所,1814.96,1814.2
5603,虹技,1216.16,1218.04
5607,中央可鍛工業,382.6,382.76
5609,日本鋳造,592.68,595.32
5612,日本鋳鉄管,1389.52,1391.12
5614,川金ホールディングス,269.8,270.4
5631,日本製鋼所,1545.16,1554.96
5632,三菱製鋼,707.96,709.36
5644,メタルアート,1233.32,
5658,日亜鋼業,280.2,282.0
5659,日本精線,3252.76,3265.76
5660,神鋼鋼線工業,,
5690,リバーホールディングス,722.72,724.56
5695,パウダーテック,,
5697,サンユウ,346.64,347.32
5698,エンビプロ・ホールディングス,646.16,648.16
5699,イボキン,1798.52,1801.84
5702,大紀アルミニウム工業所,593.84,595.56
5703,日本軽金属ホールディングス,181.96,182.36
5704,JMC,774.24,782.16
5706,三井金属鉱業,2282.16,2293.72
5707,東邦亜鉛,1529.24,1536.8
5711,三菱マテリアル,2409.92,2414.16
5713,住友金属鉱山,2985.38,2994.0
5714,DOWAホールディングス,3403.2,3415.0
5715,古河機械金属,1108.8,1110.76
5721,エス・サイエンス,42.84,43.08
5724,アサカ理研,1199.16,1201.92
5726,大阪チタニウムテクノロジーズ,1018.16,1019.28
5727,東邦チタニウム,682.2,684.0
5729,日本精鉱,,
5741,UACJ,1999.76,2011.68
5742,エヌアイシ・オートテック,824.04,823.24
5753,日本伸銅,1238.92,
5757,CKサンエツ,3252.8,3268.4
5781,東邦金属,762.04,764.6
5801,古河電気工業,2546.08,2574.84
5802,住友電気工業,1261.48,1269.22
5803,フジクラ,324.88,326.16
5805,昭和電線ホールディングス,1074.24,1074.64
5807,東京特殊電線,2297.12,2289.48
5809,タツタ電線,602.2,602.12
5816,オーナンバ,346.44,346.84
5817,JMACS,642.76,659.32
5819,カナレ電気,1787.56,1795.12
5820,三ッ星,,
5821,平河ヒューテック,1073.76,1078.4
5851,リョービ,1350.6,1353.04
5852,アーレスティ,376.12,377.68
5856,エルアイイーエイチ,59.88,59.92
5857,アサヒホールディングス,2732.76,2734.64
5900,ダイケン,,
5901,東洋製罐グループホールディングス,1215.36,1224.04
5902,ホッカンホールディングス,1667.84,1673.72
5903,シンポ,1335.28,1355.76
5905,日本製罐,,
5906,エムケー精工,321.8,323.08
5907,JFEコンテイナー,,
5909,コロナ,982.6,983.64
5911,横河ブリッジホールディングス,2112.4,2122.84
5912,OSJBホールディングス,246.28,246.0
5915,駒井ハルテック,1492.2,1490.56
5918,瀧上工業,,
5921,川岸工業,2210.64,
5922,那須電機鉄工,8119.2,8130.8
5923,高田機工,2331.48,2337.44
5928,アルメタックス,269.36,270.24
5929,三和ホールディングス,943.88,947.68
5930,文化シヤッター,787.48,786.28
5932,三協立山,972.48,977.52
5933,アルインコ,941.8,943.8
5936,東洋シヤッター,697.4,698.8
5938,LIXILグループ,1538.44,1551.28
5939,大谷工業,,
5940,不二サッシ,76.16,76.6
5941,中西製作所,941.76,944.2
5942,日本フイルコン,532.72,534.0
5943,ノーリツ,1243.92,1247.48
5946,長府製作所,2308.8,2307.4
5947,リンナイ,9060.4,9088.8
5949,ユニプレス,1033.92,1034.84
5950,日本パワーファスニング,103.32,103.56
5951,ダイニチ工業,679.0,678.0
5952,アマテイ,110.04,110.4
5953,昭和鉄工,,
5955,ヤマシナ,65.4,65.6
5956,トーソー,462.04,463.0
5957,日東精工,473.0,474.36
5958,三洋工業,1815.96,1825.12
5959,岡部,816.96,819.64
5962,浅香工業,,
5964,東洋刃物,,
5965,フジマック,612.92,614.0
5967,TONE,2432.12,2437.72
5969,ロブテックス,,
5970,ジーテクト,1125.64,1126.72
5971,共和工業所,,
5973,トーアミ,417.0,418.56
5974,中国工業,453.12,454.36
5975,東プレ,1331.28,1334.28
5976,高周波熱錬,559.12,559.76
5981,東京製綱,569.0,571.52
5982,マルゼン,1764.84,1767.16
5983,イワブチ,6210.8,6213.6
5984,兼房,628.52,627.6
5985,サンコール,429.04,430.52
5986,モリテックスチール,306.28,308.2
5987,オーネックス,,
5988,パイオラックス,1679.2,1679.04
5989,エイチワン,568.6,570.04
5990,スーパーツール,2085.96,2091.52
5991,日本発條,749.56,750.56
5992,中央発條,2760.76,2764.56
5993,知多鋼業,,
5994,ファインシンター,,
5997,協立エアテック,580.08,579.76
5998,アドバネクス,1322.36,1320.96
5999,イハラサイエンス,1450.8,1454.56
6005,三浦工業,4520.2,4526.6
6013,タクマ,1376.4,1388.08
6016,ジャパンエンジンコーポレーション,619.68,624.44
6018,阪神内燃機工業,,
6022,赤阪鐵工所,,
6023,ダイハツディーゼル,435.44,435.4
6025,日本PCサービス,1714.12,1735.76
6026,GMOTECH,2164.76,2211.48
6027,弁護士ドットコム,8904.4,8997.6
6028,テクノプロ・ホールディングス,6468.0,6462.4
6029,アトラ,263.12,263.0
6030,アドベンチャー,3364.44,3396.12
6031,サイジニア,1151.96,1177.24
6032,インターワークス,387.24,387.68
6033,エクストリーム,1631.48,1639.8
6034,MRT,1453.84,1453.44
6035,アイ・アールジャパンホールディングス,9508.8,9651.2
6036,KeePer技研,1603.8,1602.28
6037,ファーストロジック,607.08,607.8
6038,イード,782.56,785.48
6039,日本動物高度医療センター,2044.28,2055.36
6040,日本スキー場開発,797.56,799.4
6044,三機サービス,1091.32,1085.36
6045,レントラックス,493.8,503.72
6046,リンクバル,303.2,304.96
6047,Gunosy,963.04,966.84
6048,デザインワン・ジャパン,254.2,256.72
6049,イトクロ,1401.92,1404.72
6050,イー・ガーディアン,2414.64,2441.56
6054,リブセンス,282.2,282.84
6055,ジャパンマテリアル,1705.72,1706.12
6058,ベクトル,859.96,867.76
6059,ウチヤマホールディングス,356.92,357.56
6060,こころネット,,
6061,ユニバーサル園芸社,1874.0,1885.2
6062,チャーム・ケア・コーポレーション,874.48,871.32
6063,日本エマージェンシーアシスタンス,956.92,968.84
6064,アクトコール,1177.12,1181.24
6065,ライクキッズ,788.96,802.04
6067,インパクトホールディングス,1641.56,1652.76
6069,トレンダーズ,529.92,529.64
6070,キャリアリンク,547.88,552.32
6071,IBJ,816.6,816.56
6072,地盤ネットホールディングス,203.56,204.24
6073,アサンテ,1517.92,1519.12
6074,ジェイエスエス,476.88,478.92
6076,アメイズ,740.04,739.2
6077,N・フィールド,549.68,553.52
6078,バリューHR,1471.76,1475.72
6080,M＆Aキャピタルパートナーズ,3888.2,3915.4
6081,アライドアーキテクツ,297.24,300.16
6082,ライドオンエクスプレスホールディングス,1788.8,1815.44
6083,ERIホールディングス,667.12,666.48
6085,アーキテクツ・スタジオ・ジャパン,,
6086,シンメンテホールディングス,1006.6,1001.84
6087,アビスト,2470.88,2493.48
6088,シグマクシス,1811.0,1820.28
6089,ウィルグループ,700.36,702.96
6090,ヒューマン・メタボローム・テクノロジーズ,1167.96,1185.76
6091,ウエスコホールディングス,396.32,398.92
6092,エンバイオ・ホールディングス,644.0,647.88
6093,エスクロー・エージェント・ジャパン,210.68,211.24
6094,フリークアウト・ホールディングス,1223.12,1225.76
6095,メドピア,2832.76,2841.84
6096,レアジョブ,2349.52,2355.52
6098,リクルートホールディングス,3690.96,3710.64
6099,エラン,1826.6,1833.68
6101,ツガミ,991.16,990.32
6103,オークマ,4663.0,4683.0
6104,芝浦機械,2311.76,2321.84
6111,旭精機工業,,
6112,小島鉄工所,,
6113,アマダ,958.0,956.44
6118,アイダエンジニアリング,752.2,752.76
6121,滝澤鉄工所,1025.92,1026.12
6125,岡本工作機械製作所,2122.4,2126.6
6131,浜井産業,671.84,669.24
6134,FUJI,1908.44,1912.88
6135,牧野フライス製作所,3398.0,3412.6
6136,オーエスジー,1585.88,1594.88
6137,小池酸素工業,,
6138,ダイジェット工業,,
6140,旭ダイヤモンド工業,503.56,504.84
6141,DMG森精機,1317.36,1324.64
6142,富士精工,,
6143,ソディック,836.12,836.64
6144,西部電機,,
6145,NITTOKU,3283.84,3276.04
6146,ディスコ,25216.8,25223.6
6147,ヤマザキ,,
6149,小田原エンジニアリング,1696.76,1709.24
6150,タケダ機械,,
6151,日東工器,1977.2,1973.96
6155,高松機械工業,606.88,610.04
6156,エーワン精密,2705.92,2709.08
6157,日進工具,2718.96,2718.12
6158,和井田製作所,994.64,996.0
6159,ミクロン精密,,
6161,エスティック,4748.4,4804.4
6164,太陽工機,976.04,976.52
6165,パンチ工業,418.76,420.92
6166,中村超硬,934.76,932.6
6167,冨士ダイス,642.68,643.72
6171,土木管理総合試験所,365.88,367.48
6172,メタップス,800.04,804.32
6175,ネットマーケティング,645.56,648.44
6176,ブランジスタ,508.56,509.04
6177,AppBank,247.28,250.16
6178,日本郵政,791.8439999999999,789.8520000000001
6180,GMOメディア,,
6181,パートナーエージェント,221.28,222.16
6182,ロゼッタ,3582.2,3608.2
6183,ベルシステム24ホールディングス,1365.8,1370.68
6184,鎌倉新書,1207.76,1212.68
6185,SMN,994.12,1003.68
6186,一蔵,396.4,396.96
6187,LITALICO,2688.64,2685.88
6188,富士ソフトサービスビューロ,362.08,364.44
6189,グローバルキッズCOMPANY,605.6,604.44
6190,フェニックスバイオ,750.4,754.8
6191,エアトリ,1230.32,1241.64
6192,ハイアス・アンド・カンパニー,204.32,209.28
6193,バーチャレクス・ホールディングス,554.76,555.28
6194,アトラエ,3244.4,3255.0
6195,ホープ,2849.84,2889.44
6196,ストライク,4745.4,4776.8
6197,ソラスト,1217.68,1217.84
6198,キャリア,339.24,344.24
6199,セラク,990.92,998.68
6200,インソース,2896.32,2911.96
6201,豊田自動織機,5616.4,5640.0
6203,豊和工業,809.88,812.4
6205,OKK,445.08,443.68
6208,石川製作所,1644.8,1655.32
6210,東洋機械金属,421.04,422.2
6217,津田駒工業,898.52,902.72
6218,エンシュウ,972.72,969.92
6222,島精機製作所,1595.6,1594.48
6231,木村工機,3825.88,3884.24
6232,自律制御システム研究所,2719.2,2693.84
6233,極東産機,473.0,473.72
6235,オプトラン,2714.96,2706.96
6236,NCホールディングス,536.72,536.8
6237,イワキ,1016.88,1018.44
6238,フリュー,904.24,913.28
6239,ナガオカ,910.32,915.56
6240,ヤマシンフィルタ,1005.32,1013.68
6245,ヒラノテクシード,1295.96,1300.44
6246,テクノスマート,776.4,773.56
6247,日阪製作所,769.2,769.56
6248,横田製作所,,
6249,ゲームカード・ジョイコホールディングス,1074.32,1075.04
6250,やまびこ,955.08,955.92
6254,野村マイクロ・サイエンス,1738.48,1749.44
6255,エヌ・ピー・シー,368.04,368.52
6257,藤商事,738.92,740.48
6258,平田機工,6022.4,6027.6
6262,ペガサスミシン製造,343.6,344.28
6264,マルマエ,932.92,940.08
6265,妙徳,1412.92,1419.28
6266,タツモ,1616.6,1624.4
6267,ゼネラルパッカー,1964.2,1967.68
6268,ナブテスコ,3374.8,3379.8
6269,三井海洋開発,1591.76,1600.4
6271,ニッセイ,,
6272,レオン自動機,1314.8,1317.44
6273,SMC,55105.2,55246.0
6274,ヤマハモーターロボティクスホールディングス,,
6276,ナビタス,331.8,335.04
6277,ホソカワミクロン,5932.8,5940.8
6278,ユニオンツール,2803.36,2795.48
6279,瑞光,4413.4,4417.6
6281,前田製作所,467.48,472.36
6282,オイレス工業,1408.64,1413.24
6284,日精エー・エス・ビー機械,3386.6,3388.2
6286,靜甲,,
6287,サトーホールディングス,2465.16,2473.44
6289,技研製作所,4736.8,4771.2
6291,日本エアーテック,1066.2,1060.8
6292,カワタ,769.28,768.68
6293,日精樹脂工業,900.36,895.4
6294,オカダアイヨン,953.68,956.48
6295,富士変速機,301.44,301.72
6297,鉱研工業,391.76,393.8
6298,ワイエイシイホールディングス,476.8,479.36
6299,神鋼環境ソリューション,1828.64,1830.08
6301,小松製作所,2189.68,2195.54
6302,住友重機械工業,2479.28,2486.68
6303,ササクラ,,
6305,日立建機,2849.4,2865.48
6306,日工,645.72,647.64
6307,サンセイ,,
6309,巴工業,1841.08,1844.12
6310,井関農機,1206.64,1206.16
6312,フロイント産業,632.48,636.04
6315,TOWA,1119.08,1128.32
6316,丸山製作所,1257.0,1252.88
6317,北川鉄工所,1703.68,1704.44
6319,シンニッタン,267.4,267.64
6322,タクミナ,1489.52,1487.16
6323,ローツェ,5122.4,5136.4
6324,ハーモニック・ドライブ・システムズ,6078.4,6096.8
6325,タカキタ,576.04,578.4
6326,クボタ,1519.02,1527.52
6327,北川精機,408.52,410.48
6328,荏原実業,2523.36,2549.32
6330,東洋エンジニアリング,400.56,401.32
6331,三菱化工機,1757.24,1762.92
6332,月島機械,1241.24,1239.88
6333,帝国電機製作所,1289.48,1286.28
6334,明治機械,246.12,246.24
6335,東京機械製作所,276.6,278.36
6336,石井表記,602.24,604.88
6337,テセック,875.8,873.44
6338,タカトリ,459.2,464.12
6339,新東工業,774.0,776.6
6340,澁谷工業,2985.88,2998.72
6342,太平製作所,,
6343,フリージア・マクロス,127.64,127.76
6345,アイチコーポレーション,738.76,741.4
6346,キクカワエンタープライズ,,
6347,プラコー,822.4,843.84
6349,小森コーポレーション,740.68,740.2
6351,鶴見製作所,1859.64,1859.16
6355,住友精密工業,2325.56,2327.8
6356,日本ギア工業,283.64,284.72
6357,三精テクノロジーズ,643.92,647.68
6358,酒井重工業,2280.08,2286.76
6360,東京自働機械製作所,1635.84,1651.0
6361,荏原製作所,2541.0,2549.2
6362,石井鐵工所,2545.44,2541.0
6363,酉島製作所,793.2,796.68
6364,北越工業,1050.04,1053.4
6365,電業社機械製作所,,
6366,千代田化工建設,275.4,277.8
6367,ダイキン工業,15881.2,15967.0
6368,オルガノ,5973.6,5943.2
6369,トーヨーカネツ,2090.56,2099.44
6370,栗田工業,2984.72,2981.6
6371,椿本チエイン,2760.52,2769.56
6373,大同工業,659.68,662.04
6376,日機装,977.68,984.36
6378,木村化工機,461.28,461.92
6379,レイズネクスト,1240.4,1241.72
6380,オリエンタルチエン工業,536.16,543.76
6381,アネスト岩田,851.56,853.76
6382,トリニティ工業,724.88,727.2
6383,ダイフク,8548.4,8594.8
6384,昭和真空,1382.56,1391.64
6387,サムコ,1986.96,1993.0
6390,加藤製作所,1209.68,1211.2
6391,加地テック,1830.52,
6392,ヤマダコーポレーション,,
6393,油研工業,1472.04,1477.64
6395,タダノ,874.6,878.88
6396,宇野澤組鐵工所,,
6400,不二精機,254.28,254.36
6402,兼松エンジニアリング,1134.68,1131.8
6403,水道機工,2390.84,2388.84
6405,鈴茂器工,1645.92,1656.84
6406,フジテック,1678.48,1693.0
6407,CKD,1868.4,1871.12
6408,小倉クラッチ,2824.2,2836.52
6409,キトー,1224.64,1230.6
6411,中野冷機,,
6412,平和,1852.12,1850.96
6413,理想科学工業,1386.16,1385.16
6416,桂川電機,,
6417,SANKYO,2830.64,2829.6
6418,日本金銭機械,592.88,596.84
6419,マースグループホールディングス,1620.04,1618.96
6420,フクシマガリレイ,3394.4,3410.2
6424,高見沢サイバネティックス,1068.04,1066.84
6425,ユニバーサルエンターテインメント,2232.2,2247.64
6428,オーイズミ,413.4,413.32
6430,ダイコク電機,1265.44,1268.8
6432,竹内製作所,1791.48,1797.12
6433,ヒーハイスト精工,240.68,241.2
6436,アマノ,2332.04,2339.76
6440,JUKI,628.08,628.68
6444,サンデンホールディングス,387.44,388.28
6445,蛇の目ミシン工業,450.56,452.28
6448,ブラザー工業,2018.12,2024.92
6454,マックス,1622.32,1625.64
6455,モリタホールディングス,1776.36,1784.16
6457,グローリー,2509.6,2515.24
6458,新晃工業,1490.52,1492.0
6459,大和冷機工業,977.16,979.52
6460,セガサミーホールディングス,1386.04,1382.32
6461,日本ピストンリング,1197.92,1203.0
6462,リケン,2789.48,2794.56
6463,TPR,1420.24,1426.4
6464,ツバキ・ナカシマ,929.88,934.84
6465,ホシザキ,8879.6,8927.6
6466,東亜バルブエンジニアリング,,
6467,ニチダイ,470.28,472.32
6469,放電精密加工研究所,614.04,618.24
6470,大豊工業,549.68,551.84
6471,日本精工,817.4,820.84
6472,NTN,228.92,229.72
6473,ジェイテクト,872.28,875.44
6474,不二越,3480.8,3485.0
6479,ミネベアミツミ,1949.16,1957.24
6480,日本トムソン,386.36,385.76
6481,THK,2829.64,2837.56
6482,ユーシン精機,706.08,707.68
6485,前澤給装工業,2023.92,2022.52
6486,イーグル工業,752.28,753.2
6488,ヨシタケ,919.76,918.24
6489,前澤工業,350.48,350.72
6490,日本ピラー工業,1435.48,1435.56
6492,岡野バルブ製造,,
6493,日鍛バルブ,216.44,217.04
6494,NFKホールディングス,86.32,86.84
6495,宮入バルブ製作所,103.08,103.32
6496,中北製作所,,
6497,ハマイ,,
6498,キッツ,723.2,724.16
6501,日立製作所,3481.8,3497.8
6502,東芝,3034.32,3057.28
6503,三菱電機,1408.7,1412.8
6504,富士電機,2887.16,2892.12
6505,東洋電機製造,1261.24,1261.48
6506,安川電機,3799.8,3810.0
6507,シンフォニアテクノロジー,1082.96,1085.36
6508,明電舎,1776.32,1779.84
6513,オリジン,1492.4,1494.4
6516,山洋電気,4798.8,4800.2
6517,デンヨー,1929.36,1931.96
6518,三相電機,,
6531,リファインバース,887.04,891.24
6532,ベイカレント・コンサルティング,7974.4,8103.6
6533,Orchestraホールディングス,1284.52,1315.6
6535,アイモバイル,726.88,731.28
6537,WASHハウス,733.0,736.8
6538,キャリアインデックス,329.8,331.28
6539,MS-Japan,878.0,878.6
6540,船場,972.84,973.12
6541,グレイステクノロジー,4451.0,4517.8
6542,FCホールディングス,851.84,859.0
6543,日宣,,
6544,ジャパンエレベーターサービスホールディングス,3168.04,3184.68
6545,インターネットインフィニティー,528.04,527.52
6546,フルテック,1282.04,1282.32
6547,グリーンズ,536.52,539.76
6548,旅工房,1418.96,1429.32
6549,ディーエムソリューションズ,790.08,798.92
6550,Fringe81,608.56,611.08
6551,ツナググループ・ホールディングス,467.2,467.48
6552,GameWith,664.0,660.92
6553,ソウルドアウト,2347.16,2361.16
6554,エスユーエス,491.2,495.4
6555,MS＆Consulting,607.4,607.32
6556,ウェルビー,1468.52,1469.04
6557,global_bridge_HOLDINGS,1798.44,1810.92
6558,クックビズ,1425.24,1427.04
6560,エル・ティー・エス,2470.96,2520.52
6561,HANATOUR_JAPAN,752.96,752.4
6562,ジーニー,684.48,683.56
6563,みらいワークス,2390.04,2394.0
6564,ミダック,1573.16,1591.16
6565,ABホテル,1312.8,1320.76
6566,要興業,882.88,883.28
6567,SERIOホールディングス,679.28,681.04
6568,神戸天然物化学,1560.4,1570.8
6569,日総工産,703.6,705.0
6570,共和コーポレーション,415.36,419.56
6571,キュービーネットホールディングス,2145.52,2154.36
6572,RPAホールディングス,866.8,869.52
6573,アジャイルメディア・ネットワーク,665.2,684.04
6574,コンヴァノ,705.56,706.04
6575,ヒューマン・アソシエイツ・ホールディングス,717.36,719.36
6577,ベストワンドットコム,1939.8,1946.96
6578,エヌリンクス,344.48,347.6
6579,ログリー,1711.48,1717.84
6580,ライトアップ,1789.12,1830.08
6584,三櫻工業,726.12,726.52
6586,マキタ,3726.6,3748.6
6588,東芝テック,3814.8,3841.0
6590,芝浦メカトロニクス,2804.76,2808.84
6592,マブチモーター,3471.2,3484.2
6594,日本電産,6653.12,6685.6
6597,HPCシステムズ,2280.04,2304.36
6615,ユー・エム・シー・エレクトロニクス,356.72,358.56
6616,トレックス・セミコンダクター,1193.32,1206.28
6617,東光高岳,1022.0,1025.0
6618,大泉製作所,575.2,584.0
6619,ダブル・スコープ,571.48,585.88
6620,宮越ホールディングス,653.32,661.12
6622,ダイヘン,3596.6,3601.6
6623,愛知電機,2137.72,2141.68
6625,JALCOホールディングス,190.36,190.44
6626,SEMITEC,2712.44,2715.4
6627,テラプローブ,750.8,749.92
6628,オンキヨー,13.16,12.92
6629,テクノホライゾン・ホールディングス,806.28,815.2
6630,ヤーマン,769.68,780.48
6632,JVCケンウッド,175.72,176.36
6633,C＆Gシステムズ,325.64,325.92
6634,ネクスグループ,173.32,177.0
6635,大日光・エンジニアリング,1122.16,1148.48
6637,寺崎電気産業,1027.56,1032.84
6638,ミマキエンジニアリング,399.28,398.96
6639,コンテック,1458.4,1462.36
6640,第一精工,2440.12,2434.12
6641,日新電機,1111.2,1111.68
6643,戸上電機製作所,1477.68,1481.36
6644,大崎電気工業,514.12,514.28
6645,オムロン,7130.4,7148.8
6647,森尾電機,,
6648,かわでん,,
6651,日東工業,1879.0,1880.2
6652,IDEC,1744.92,1749.12
6653,正興電機製作所,1031.96,1041.24
6654,不二電機工業,1283.64,1287.28
6655,東洋電機,858.72,860.64
6656,インスペック,2855.08,2887.88
6658,シライ電子工業,214.32,213.96
6659,メディアリンクス,239.16,247.72
6662,ユビテック,239.6,241.16
6663,太洋工業,436.92,437.52
6664,オプトエレクトロニクス,413.56,419.56
6666,リバーエレテック,522.72,530.24
6668,アドテックプラズマテクノロジー,1467.4,1463.56
6670,MCJ,818.92,820.92
6674,ジーエス・ユアサコーポレーション,1838.44,1846.28
6675,サクサホールディングス,1771.0,1774.28
6676,メルコホールディングス,2693.2,2706.44
6677,エスケーエレクトロニクス,1152.08,1157.56
6678,テクノメディカ,1823.0,1823.36
6694,ズーム,1461.68,1477.32
6696,ピースリー,884.08,885.16
6697,テックポイント・インク（外国株）,495.52,495.96
6698,ヴィスコ・テクノロジーズ,1193.88,1189.84
6699,ダイヤモンドエレクトリックホールディングス,565.48,569.68
6701,日本電気,4913.8,4921.8
6702,富士通,11303.2,11373.2
6703,沖電気工業,1074.4,1076.24
6704,岩崎通信機,847.4,848.32
6706,電気興業,2628.84,2639.92
6707,サンケン電気,2439.48,2445.44
6709,明星電気,699.88,698.96
6715,ナカヨ,1405.04,1414.64
6718,アイホン,1581.8,1580.8
6721,ウインテスト,170.6,171.0
6722,エイアンドティー,1548.84,1548.32
6723,ルネサスエレクトロニクス,592.84,595.72
6724,セイコーエプソン,1272.28,1280.92
6727,ワコム,510.28,513.68
6728,アルバック,3197.16,3210.36
6730,アクセル,769.12,770.72
6731,ピクセラ,27.44,27.76
6734,ニューテック,2399.16,2459.96
6736,サン電子,1583.48,1577.12
6737,EIZO,3970.8,3998.6
6740,ジャパンディスプレイ,47.12,47.24
6741,日本信号,1177.36,1182.92
6742,京三製作所,526.04,528.0
6743,大同信号,,
6744,能美防災,2007.64,2014.88
6745,ホーチキ,1338.32,1339.24
6748,星和電機,642.6,644.44
6750,エレコム,4895.4,4929.0
6752,パナソニック,936.216,942.8639999999999
6753,シャープ,1187.04,1189.36
6754,アンリツ,2246.96,2260.4
6755,富士通ゼネラル,2144.96,2153.12
6757,OSGコーポレーション,1833.4,1855.4
6758,ソニー,7115.6,7145.48
6762,TDK,10217.2,10268.8
6763,帝国通信工業,1206.0,1206.88
6768,タムラ製作所,451.12,451.48
6769,ザインエレクトロニクス,954.8,954.52
6770,アルプスアルパイン,1360.68,1372.4
6771,池上通信機,883.08,884.44
6772,東京コスモス電機,,
6775,TBグループ,228.96,231.08
6776,天昇電気工業,336.96,337.76
6777,santec,1797.28,1807.28
6778,アルチザネットワークス,1445.2,1469.24
6779,日本電波工業,403.84,404.04
6785,鈴木,772.16,773.44
6786,RVH,119.2,121.16
6787,メイコー,1506.12,1508.64
6788,日本トリム,3157.56,3157.76
6789,ローランドディー.ジー.,1262.24,1266.72
6794,フォスター電機,1200.44,1201.08
6797,名古屋電機工業,828.84,
6798,SMK,2511.6,2515.28
6800,ヨコオ,2765.36,2761.44
6803,ティアック,143.64,143.44
6804,ホシデン,933.16,938.64
6806,ヒロセ電機,12286.0,12283.6
6807,日本航空電子工業,1500.6,1505.88
6809,TOA,742.68,744.36
6810,マクセルホールディングス,1061.8,1064.16
6814,古野電気,899.6,908.28
6815,ユニデンホールディングス,1927.24,1928.08
6817,スミダコーポレーション,757.96,761.84
6819,伊豆シャボテンリゾート,100.92,101.32
6820,アイコム,2932.92,2948.6
6822,大井電気,3560.4,3555.2
6823,リオン,2342.96,2342.84
6824,新コスモス電機,,
6826,本多通信工業,442.4,445.12
6832,アオイ電子,2156.2,2169.48
6834,精工技研,2433.6,2441.48
6835,アライドテレシスホールディングス,89.28,91.08
6836,ぷらっとホーム,1408.76,1413.68
6837,京写,273.52,274.48
6838,多摩川ホールディングス,2478.88,2495.36
6839,船井電機,505.44,507.4
6840,AKIBAホールディングス,5429.8,5428.2
6841,横河電機,1573.44,1583.8
6844,新電元工業,2594.84,2588.0
6845,アズビル,2874.2,2893.48
6846,中央製作所,,
6848,東亜ディーケーケー,884.08,884.08
6849,日本光電工業,3450.8,3457.2
6850,チノー,1363.88,1365.12
6852,テクノ・セブン,,
6853,共和電業,396.52,398.76
6855,日本電子材料,991.48,991.36
6856,堀場製作所,5750.0,5739.2
6857,アドバンテスト,5606.8,5636.0
6858,小野測器,517.96,519.6
6859,エスペック,1753.72,1754.48
6861,キーエンス,43047.6,43277.6
6862,ミナトホールディングス,391.92,393.56
6863,ニレコ,773.04,775.16
6864,エヌエフ回路設計ブロック,1886.8,1887.84
6866,日置電機,3248.76,3248.76
6867,リーダー電子,830.8,826.48
6869,シスメックス,8206.08,8199.2
6870,日本フェンオール,1321.32,1327.84
6871,日本マイクロニクス,1002.32,1010.36
6874,協立電機,2100.6,2112.28
6875,メガチップス,1969.48,1984.36
6877,OBARA　GROUP,3218.32,3231.8
6879,IMAGICA_GROUP,404.4,406.04
6881,キョウデン,312.12,315.36
6882,三社電機製作所,576.52,578.56
6888,アクモス,516.08,518.4
6889,オーデリック,,
6890,フェローテックホールディングス,731.76,732.48
6894,パルステック工業,1774.08,1779.96
6897,ツインバード工業,613.64,674.88
6898,トミタ電機,861.96,865.88
6899,ASTI,1328.2,1329.12
6901,澤藤電機,1603.24,1609.48
6902,デンソー,4066.36,4076.68
6904,原田工業,838.16,838.08
6905,コーセル,913.92,915.0
6907,ジオマテック,422.72,424.28
6908,イリソ電子工業,3535.8,3549.6
6912,菊水電子工業,,
6914,オプテックスグループ,1364.92,1366.28
6915,千代田インテグレ,1761.16,1764.72
6916,アイ・オー・データ機器,976.84,979.16
6918,アバールデータ,2655.64,2654.96
6919,ケル,825.84,828.88
6920,レーザーテック,9078.8,9186.0
6923,スタンレー電気,2656.08,2664.4
6924,岩崎電気,1885.72,1894.36
6925,ウシオ電機,1332.84,1344.12
6926,岡谷電機産業,328.2,329.2
6927,ヘリオステクノホールディング,352.2,352.4
6928,エノモト,1063.0,1066.12
6929,日本セラミック,2164.16,2176.24
6930,日本アンテナ,939.48,944.48
6932,遠藤照明,594.48,597.16
6937,古河電池,850.84,893.12
6938,双信電機,388.28,391.88
6941,山一電機,1558.92,1558.16
6942,ソフィアホールディングス,967.24,972.68
6943,NKKスイッチズ,,
6944,アイレックス,1919.28,1926.04
6945,富士通フロンテック,1090.84,1093.52
6946,日本アビオニクス,2653.6,2698.76
6947,図研,2625.12,2635.32
6951,日本電子,3095.0,3081.6
6952,カシオ計算機,1840.84,1853.12
6954,ファナック,19223.0,19309.4
6955,FDK,644.28,650.72
6957,芝浦電子,2341.56,2337.16
6958,日本シイエムケイ,417.68,419.16
6960,フクダ電子,7584.8,7567.2
6961,エンプラス,2416.36,2426.44
6962,大真空,1975.44,1974.4
6963,ローム,7371.2,7383.6
6964,サンコー,447.68,448.92
6965,浜松ホトニクス,4745.0,4748.6
6966,三井ハイテック,1452.84,1463.04
6967,新光電気工業,1405.0,1411.12
6969,松尾電機,290.96,291.88
6971,京セラ,5895.28,5911.92
6973,協栄産業,1208.16,1211.72
6976,太陽誘電,3135.12,3144.12
6977,日本抵抗器製作所,,
6981,村田製作所,6211.44,6224.44
6982,リード,392.56,395.08
6986,双葉電子工業,990.44,991.2
6988,日東電工,5822.4,5846.8
6989,北陸電気工業,938.8,941.08
6993,大黒屋ホールディングス,28.4,28.64
6994,指月電機製作所,506.96,507.44
6995,東海理化電機製作所,1583.76,1590.76
6996,ニチコン,767.96,771.28
6997,日本ケミコン,1554.24,1577.8
6999,KOA,998.56,1004.12
7003,三井E＆Sホールディングス,561.12,561.2
7004,日立造船,391.48,392.88
7011,三菱重工業,2760.02,2764.24
7012,川崎重工業,1730.8,1738.36
7013,IHI,1568.44,1581.72
7014,名村造船所,174.56,174.52
7021,ニッチツ,,
7022,サノヤスホールディングス,163.52,163.8
7030,スプリックス,886.44,884.92
7033,マネジメントソリューションズ,1115.48,1132.92
7034,プロレド・パートナーズ,4936.0,4953.0
7035,and_factory,1177.24,1176.16
7036,イーエムネットジャパン,1907.76,1924.56
7037,テノ.ホールディングス,836.68,836.4
7038,フロンティア・マネジメント,2900.64,2920.4
7039,ブリッジインターナショナル,2535.44,2554.32
7040,サン・ライフホールディング,974.68,985.8
7041,CRGホールディングス,588.24,591.12
7042,アクセスグループ・ホールディングス,743.72,747.52
7043,アルー,672.08,674.32
7044,ピアラ,1553.04,1559.72
7045,ツクイスタッフ,1409.68,1409.52
7046,テクノスデータサイエンス・エンジニアリング,3102.2,3127.4
7047,ポート,847.08,858.2
7048,ベルトラ,645.28,647.04
7049,識学,1174.08,1181.96
7050,フロンティアインターナショナル,1781.76,1793.0
7057,エヌ・シー・エヌ,808.16,807.64
7058,共栄セキュリティーサービス,3321.08,3342.88
7059,コプロ・ホールディングス,2261.72,2293.92
7060,ギークス,1338.36,1339.24
7061,日本ホスピスホールディングス,1861.64,1861.16
7062,フレアス,743.68,746.0
7063,エードット,2429.04,2463.24
7064,ハウテレビジョン,1988.36,1992.88
7065,ユーピーアール,3528.76,3573.44
7066,ピアズ,2965.84,3024.88
7067,ブランディングテクノロジー,1401.84,1427.64
7068,フィードフォース,1856.2,1910.52
7069,サイバー・バズ,4199.8,4229.8
7070,SIホールディングス,377.8,377.32
7071,アンビスホールディングス,3314.2,3322.4
7072,インティメート・マージャー,1654.72,1669.04
7073,ジェイック,4162.4,4183.0
7074,トゥエンティーフォーセブン,1412.88,1418.48
7076,名南M＆A,6169.4,6285.4
7077,ALiNKインターネット,2713.0,2743.4
7078,INCLUSIVE,1630.44,1619.8
7079,WDBココ,2893.32,2898.32
7080,スポーツフィールド,3302.72,3324.44
7081,コーユーレンティア,1088.76,1102.32
7082,ジモティー,1671.72,1673.92
7083,AHCグループ,1804.88,1806.16
7084,Kids_Smile_Holdings,2002.92,2006.12
7085,カーブスホールディングス,643.76,645.4
7086,きずなホールディングス,1832.36,1824.48
7087,ウイルテック,885.84,891.16
7088,フォーラムエンジニアリング,905.56,910.36
7089,フォースタートアップス,1722.24,1739.0
7090,リグア,1722.28,1731.56
7091,リビングプラットフォーム,3348.8,3349.8
7093,アディッシュ,3100.28,3152.84
7094,NexTone,8026.8,8078.8
7095,Macbee_Planet,2801.68,2895.48
7102,日本車輌製造,2760.4,2760.68
7105,三菱ロジスネクスト,1034.2,1036.56
7122,近畿車輛,1266.88,1270.4
7148,FPG,629.44,633.96
7150,島根銀行,514.84,515.48
7157,ライフネット生命保険,1085.08,1094.76
7161,じもとホールディングス,95.56,95.68
7162,アストマックス,215.48,217.28
7164,全国保証,4053.8,4078.8
7167,めぶきフィナンシャルグループ,242.64,243.84
7169,NFCホールディングス,2140.28,2156.48
7172,ジャパンインベストメントアドバイザー,1202.2,1202.84
7173,東京きらぼしフィナンシャルグループ,1088.48,1093.6
7177,GMOフィナンシャルホールディングス,618.84,620.32
7180,九州フィナンシャルグループ,453.84,455.52
7181,かんぽ生命保険,1385.2,1390.16
7182,ゆうちょ銀行,900.84,894.08
7183,あんしん保証,309.4,309.68
7184,富山第一銀行,263.6,264.2
7185,ヒロセ通商,1849.8,1849.2
7186,コンコルディア・フィナンシャルグループ,344.96,346.76
7187,ジェイリース,342.68,348.76
7189,西日本フィナンシャルホールディングス,712.88,716.84
7190,マーキュリアインベストメント,565.72,568.8
7191,イントラスト,765.96,767.16
7192,日本モーゲージサービス,1930.4,1943.48
7196,Casa,1199.2,1195.32
7198,アルヒ,1508.96,1516.68
7199,プレミアグループ,1857.04,1868.44
7201,日産自動車,416.0080000000001,418.02
7202,いすゞ自動車,981.7919999999998,986.156
7203,トヨタ自動車,6745.8,6769.88
7205,日野自動車,731.92,736.48
7208,カネミツ,604.88,605.68
7211,三菱自動車工業,311.32,311.68
7212,エフテック,510.32,513.08
7213,レシップホールディングス,562.6,566.52
7214,GMB,685.32,686.52
7215,ファルテック,702.8,704.08
7217,テイン,,
7218,田中精密工業,686.92,688.16
7219,エッチ・ケー・エス,,
7220,武蔵精密工業,1000.0,1005.16
7222,日産車体,984.92,985.0
7224,新明和工業,1068.52,1067.32
7226,極東開発工業,1315.12,1319.2
7227,アスカ,,
7228,デイトナ,1381.08,1390.16
7229,ユタカ技研,1503.84,1510.44
7230,日信工業,2215.0,2213.32
7231,トピー工業,1318.68,1320.64
7235,東京ラヂエーター製造,557.36,559.28
7236,ティラド,1427.0,1429.2
7238,曙ブレーキ工業,197.16,197.08
7239,タチエス,924.76,923.04
7240,NOK,1384.48,1390.36
7241,フタバ産業,500.92,500.32
7242,KYB,2262.16,2261.52
7244,市光工業,528.2,530.04
7245,大同メタル工業,567.88,568.28
7246,プレス工業,269.44,270.64
7247,ミクニ,284.56,285.72
7250,太平洋工業,1005.64,1006.88
7251,ケーヒン,2555.2,2554.08
7254,ユニバンス,199.56,200.88
7255,桜井製作所,,
7256,河西工業,494.32,493.28
7259,アイシン精機,3405.8,3411.4
7261,マツダ,711.24,714.88
7264,ムロコーポレーション,1002.6,1003.44
7265,エイケン工業,,
7266,今仙電機製作所,756.64,755.16
7267,本田技研工業,2791.94,2808.74
7268,タツミ,361.84,365.2
7269,スズキ,3784.52,3791.48
7270,SUBARU,2387.26,2396.38
7271,安永,1024.8,1026.12
7272,ヤマハ発動機,1582.28,1594.76
7274,ショーワ,2257.92,2256.56
7276,小糸製作所,4531.8,4542.4
7277,TBK,458.28,458.92
7278,エクセディ,1720.36,1723.0
7279,ハイレックスコーポレーション,1279.76,1284.32
7280,ミツバ,467.04,469.28
7282,豊田合成,2302.32,2313.0
7283,愛三工業,574.16,575.28
7284,盟和産業,959.2,960.24
7287,日本精機,1192.96,1197.24
7291,日本プラスト,473.36,474.44
7292,村上開明堂,,
7294,ヨロズ,1173.84,1173.4
7296,エフ・シー・シー,1862.52,1873.08
7297,カーメイト,855.6,853.88
7298,八千代工業,503.32,506.28
7299,フジオーゼックス,,
7305,新家工業,1143.04,1147.6
7309,シマノ,20070.0,20147.6
7313,テイ・エステック,3048.92,3054.8
7314,小田原機器,457.04,456.24
7315,IJTT,458.48,459.24
7317,松屋アールアンドディ,2112.2,2126.36
7320,日本リビング保証,1328.04,1337.28
7321,関西みらいフィナンシャルグループ,390.52,394.48
7322,三十三フィナンシャルグループ,1474.2,1467.92
7323,アイペット損害保険,1955.92,1956.44
7325,アイリックコーポレーション,1221.64,1221.04
7326,SBIインシュアランスグループ,945.48,949.88
7327,第四北越フィナンシャルグループ,2247.6,2252.28
7408,ジャムコ,765.72,773.92
7412,アトム,881.16,881.04
7413,創健社,,
7414,小野建,1255.32,1256.52
7416,はるやまホールディングス,752.08,752.0
7417,南陽,1459.2,1460.6
7419,ノジマ,2375.96,2395.24
7420,佐鳥電機,855.52,857.0
7421,カッパ・クリエイト,1488.68,1491.52
7422,東邦レマック,,
7425,初穂商事,,
7426,山大,,
7427,エコートレーディング,518.84,519.6
7433,伯東,993.8,996.2
7435,ナ・デックス,,
7438,コンドーテック,1084.0,1089.2
7442,中山福,480.16,482.52
7443,横浜魚類,509.04,509.48
7444,ハリマ共和物産,,
7445,ライトオン,555.72,557.8
7446,東北化学薬品,,
7447,ナガイレーベン,2651.76,2656.6
7448,ジーンズメイト,235.4,235.2
7450,サンデー,1653.48,1656.48
7451,三菱食品,2720.2,2731.92
7453,良品計画,1563.12,1568.8
7455,三城ホールディングス,285.44,287.04
7456,松田産業,1385.92,1385.08
7458,第一興商,3746.2,3747.2
7459,メディパルホールディングス,2115.12,2121.4
7460,ヤギ,,
7461,キムラ,,
7462,ダイヤ通商,2417.2,2421.52
7463,アドヴァン,1245.08,1254.92
7464,セフテック,7328.8,7320.8
7466,SPK,1403.88,1406.32
7467,萩原電気ホールディングス,2167.12,2168.68
7472,鳥羽洋行,2563.72,2570.92
7475,アルビス,2107.52,2117.28
7476,アズワン,11570.0,11600.4
7477,ムラキ,833.16,838.08
7480,スズデン,1191.08,1192.28
7481,尾家産業,1506.96,1508.64
7482,シモジマ,1261.96,1256.92
7483,ドウシシャ,1526.36,1528.2
7485,岡谷鋼機,,
7486,サンリン,,
7487,小津産業,1820.92,1811.44
7490,日新商事,,
7494,コナカ,321.8,321.4
7500,西川計測,,
7501,ティムコ,675.44,678.8
7502,プラザクリエイト本社,,
7504,高速,1463.96,1469.52
7505,扶桑電通,,
7506,ハウスオブローゼ,1598.0,1600.04
7508,G-7ホールディングス,2372.2,2385.16
7510,たけびし,1459.08,1464.12
7512,イオン北海道,793.6,795.32
7513,コジマ,490.64,496.12
7514,ヒマラヤ,806.04,808.48
7515,マルヨシセンター,,
7516,コーナン商事,2998.0,3014.04
7518,ネットワンシステムズ,3297.6,3312.6
7519,五洋インテックス,222.72,225.08
7520,エコス,1873.52,1873.76
7521,ムサシ,,
7522,ワタミ,1072.28,1068.6
7523,アールビバン,491.64,493.8
7524,マルシェ,630.84,630.8
7525,リックス,1511.6,1517.28
7527,システムソフト,92.32,93.4
7532,パン・パシフィック・インターナショナルホールディングス,2175.92,2188.04
7533,グリーンクロス,797.84,804.72
7537,丸文,486.28,486.08
7538,大水,,
7539,アイナボホールディングス,796.48,797.04
7544,スリーエフ,310.28,311.16
7545,西松屋チェーン,929.04,939.48
7550,ゼンショーホールディングス,2247.96,2249.72
7551,ウェッズ,494.4,498.04
7552,ハピネット,1091.12,1094.72
7554,幸楽苑ホールディングス,1685.8,1685.76
7555,大田花き,684.08,683.6
7559,ジーエフシー,,
7561,ハークスレイ,993.44,995.8
7562,安楽亭,4811.0,4813.8
7564,ワークマン,8949.2,9007.6
7565,萬世電機,,
7567,栄電子,495.52,500.0
7570,橋本総業ホールディングス,1933.96,1943.88
7571,ヤマノホールディングス,70.24,70.72
7575,日本ライフライン,1409.04,1414.36
7577,HAPiNS,162.8,163.84
7578,ニチリョク,804.28,805.24
7581,サイゼリヤ,2265.08,2258.56
7585,かんなん丸,911.76,917.36
7587,PALTEK,511.56,514.12
7590,タカショー,479.24,479.6
7593,VTホールディングス,331.24,333.64
7594,マルカ,1856.24,1863.48
7595,アルゴグラフィックス,3617.0,3616.8
7596,魚力,1562.88,1566.4
7597,東京貴宝,,
7599,IDOM,499.56,503.28
7600,日本エム・ディ・エム,1699.08,1703.12
7601,ポプラ,440.64,440.2
7602,カーチスホールディングス,302.56,301.52
7603,マックハウス,452.32,456.44
7604,梅の花,1370.04,1370.0
7605,フジ・コーポレーション,1968.12,1974.12
7606,ユナイテッドアローズ,1872.76,1879.16
7607,進和,1904.96,1913.76
7608,エスケイジャパン,316.24,316.36
7609,ダイトロン,1687.8,1693.76
7610,テイツー,64.28,65.48
7611,ハイデイ日高,1868.0,1869.72
7612,Nuts,34.56,35.0
7613,シークス,1062.12,1064.2
7614,オーエムツーネットワーク,1281.68,1291.28
7615,京都きもの友禅,234.16,234.92
7616,コロワイド,1622.28,1623.68
7618,ピーシーデポコーポレーション,636.68,640.56
7619,田中商事,689.92,690.64
7621,うかい,3177.4,3185.6
7623,サンオータス,290.52,294.8
7624,NaITO,181.2,182.08
7625,グローバルダイニング,177.6,178.68
7628,オーハシテクニカ,1612.36,1619.36
7630,壱番屋,5293.0,5303.0
7634,星医療酸器,4196.4,4187.8
7635,杉田エース,,
7636,ハンズマン,1443.08,1449.48
7637,白銅,1374.12,1377.64
7638,NEW_ARTホールディングス,673.0,675.12
7640,トップカルチャー,343.04,344.16
7643,ダイイチ,726.24,728.92
7646,PLANT,585.88,586.52
7647,音通,28.08,28.24
7649,スギホールディングス,6971.6,6989.2
7670,オーウエル,586.68,587.52
7671,AmidAホールディングス,998.52,1003.2
7673,ダイコー通産,1448.76,1441.04
7674,NATTY_SWANKY,3050.04,3093.12
7675,セントラルフォレストグループ,,
7676,グッドスピード,982.52,981.72
7677,ヤシマキザイ,,
7678,あさくま,1459.12,1462.28
7679,薬王堂ホールディングス,2590.56,2584.72
7681,レオクラン,1869.76,1864.8
7682,浜木綿,1804.08,1835.48
7683,ダブルエー,2307.52,2335.12
7685,BuySell_Technologies,2245.44,2273.24
7686,カクヤス,1326.24,1328.76
7687,ミクリード,1227.84,1234.0
7688,ミアヘルサ,1552.08,1567.76
7701,島津製作所,2859.84,2864.64
7702,JMS,837.28,838.68
7703,川澄化学工業,874.96,873.96
7705,ジーエルサイエンス,1565.32,1587.6
7707,プレシジョン・システム・サイエンス,1929.0,2000.88
7709,クボテック,342.52,343.44
7711,助川電気工業,544.8,547.36
7713,シグマ光機,1141.92,1142.16
7715,長野計器,1002.72,1005.28
7716,ナカニシ,1654.68,1649.64
7717,ブイ・テクノロジー,4031.4,4033.8
7718,スター精密,1278.92,1281.28
7719,東京衡機,225.68,226.48
7721,東京計器,936.64,946.2
7722,国際計測器,725.28,732.16
7723,愛知時計電機,4369.0,4369.4
7725,インターアクション,2234.0,2224.16
7726,黒田精工,749.0,754.52
7727,オーバル,228.92,229.4
7729,東京精密,3614.2,3605.2
7730,マニー,2801.28,2814.76
7731,ニコン,986.44,987.72
7732,トプコン,930.84,932.2
7733,オリンパス,1835.54,1846.78
7734,理研計器,2338.24,2346.88
7735,SCREENホールディングス,5122.8,5108.4
7739,キヤノン電子,1671.36,1677.04
7740,タムロン,1952.12,1956.12
7741,HOYA,9943.76,9974.64
7743,シード,788.4,786.4
7744,ノーリツ鋼機,1474.12,1485.64
7745,エー・アンド・デイ,730.88,733.36
7746,岡本硝子,192.12,193.12
7747,朝日インテック,3127.08,3132.8
7748,ホロン,5322.2,5341.0
7749,メディキット,3559.2,3556.0
7751,キヤノン,2239.24,2243.32
7752,リコー,822.8,827.08
7758,セコニック,,
7760,IMV,290.6,293.6
7762,シチズン時計,380.64,381.84
7768,ジェコー,,
7769,リズム時計工業,621.92,623.68
7771,日本精密,90.8,91.44
7774,ジャパン・ティッシュ・エンジニアリング,738.56,739.52
7775,大研医器,617.24,615.32
7776,セルシード,431.88,436.68
7777,スリー・ディー・マトリックス,450.12,452.48
7779,CYBERDYNE,496.92,498.44
7780,メニコン,5074.6,5105.2
7781,平山ホールディングス,1222.12,1232.88
7782,シンシア,440.48,442.76
7800,アミファ,766.8,766.96
7803,ブシロード,2400.96,2417.88
7804,ビーアンドピー,1045.08,1047.92
7805,プリントネット,428.24,428.6
7806,MTG,762.52,767.6
7807,幸和製作所,883.8,890.88
7808,シー・エス・ランバー,1274.44,1272.44
7809,壽屋,1570.28,1581.76
7810,クロスフォー,343.44,344.56
7811,中本パックス,1533.32,1533.76
7812,クレステック,1089.04,1099.28
7813,プラッツ,1607.84,1612.28
7814,日本創発グループ,329.0,331.56
7815,東京ボード工業,619.32,617.6
7816,スノーピーク,1000.72,1007.64
7817,パラマウントベッドホールディングス,4179.4,4183.6
7818,トランザクション,1037.48,1041.32
7819,粧美堂,357.84,357.64
7820,ニホンフラッシュ,1368.56,1373.72
7821,前田工繊,2324.32,2339.12
7822,永大産業,306.28,307.24
7823,アートネイチャー,627.64,626.28
7826,フルヤ金属,5509.6,5510.8
7827,オービス,795.16,802.56
7829,サマンサタバサジャパンリミテッド,173.16,173.64
7831,ウイルコホールディングス,146.12,146.92
7832,バンダイナムコホールディングス,6020.84,6038.36
7833,アイフィスジャパン,698.56,699.8
7836,アビックス,122.4,122.72
7837,アールシーコア,830.04,832.64
7838,共立印刷,141.08,141.16
7839,SHOEI,2401.76,2412.44
7840,フランスベッドホールディングス,870.76,871.4
7841,遠藤製作所,426.36,427.24
7844,マーベラス,692.44,700.04
7846,パイロットコーポレーション,3578.0,3570.4
7847,グラファイトデザイン,386.04,387.88
7849,スターツ出版,,
7850,総合商研,,
7851,カワセコンピュータサプライ,206.56,207.88
7855,カーディナル,592.12,597.04
7856,萩原工業,1406.16,1410.36
7857,セキ,,
7859,アルメディオ,182.04,182.96
7860,エイベックス,916.24,916.08
7862,トッパン・フォームズ,1089.04,1095.48
7863,平賀,420.96,422.4
7864,フジシールインターナショナル,2111.32,2112.0
7865,ピープル,963.52,966.4
7867,タカラトミー,915.8,914.84
7868,廣済堂,817.56,819.0
7869,日本フォームサービス,,
7870,福島印刷,,
7871,フクビ化学工業,431.12,433.16
7872,エステールホールディングス,606.08,606.52
7873,アーク,113.64,114.52
7874,レック,1615.8,1624.4
7875,竹田印刷,621.92,624.04
7877,永大化工,,
7878,光・彩,,
7879,ノダ,626.04,627.84
7883,サンメッセ,382.32,382.72
7885,タカノ,713.56,713.92
7886,ヤマト・インダストリー,740.72,744.2
7887,南海プライウッド,,
7888,三光合成,310.36,309.84
7893,プロネクサス,1115.44,1119.84
7895,中央化学,633.24,636.6
7896,セブン工業,1476.12,1485.92
7897,ホクシン,123.8,124.08
7898,ウッドワン,1149.76,1152.44
7899,MICS化学,354.64,353.48
7901,マツモト,,
7902,ソノコム,740.68,741.72
7905,大建工業,1702.16,1706.28
7906,ヨネックス,544.88,550.32
7908,きもと,157.24,157.4
7911,凸版印刷,1766.88,1782.08
7912,大日本印刷,2401.12,2417.44
7914,共同印刷,2871.4,2875.24
7915,NISSHA,1003.64,1005.84
7916,光村印刷,1515.6,1515.68
7917,藤森工業,3490.6,3509.6
7918,ヴィア・ホールディングス,484.16,484.88
7919,野崎印刷紙業,136.64,137.48
7921,TAKARA＆COMPANY,1882.44,1883.72
7922,三光産業,290.08,290.52
7923,トーイン,,
7925,前澤化成工業,1045.64,1043.84
7927,ムトー精工,492.04,494.64
7928,旭化学工業,372.08,373.36
7931,未来工業,1949.28,1948.24
7932,ニッピ,3615.0,3615.6
7936,アシックス,1222.8,1231.76
7937,ツツミ,1778.28,1788.6
7938,リーガルコーポレーション,2335.84,2334.32
7939,研創,,
7940,ウェーブロックホールディングス,760.12,770.0
7942,JSP,1485.6,1489.32
7943,ニチハ,2315.04,2317.32
7945,コマニー,,
7946,光陽社,684.72,687.08
7947,エフピコ,7896.8,7913.2
7949,小松ウオール工業,1884.32,1883.52
7950,日本デコラックス,,
7951,ヤマハ,5226.2,5252.8
7952,河合楽器製作所,2795.28,2798.32
7953,菊水化学工業,372.72,373.56
7955,クリナップ,528.56,528.88
7956,ピジョン,4174.6,4177.0
7958,天馬,1673.28,1680.04
7959,オリバー,2671.84,2670.32
7961,兼松サステック,1434.84,1434.32
7962,キングジム,931.52,934.12
7963,興研,2105.4,2101.96
7965,象印マホービン,1652.72,1654.96
7966,リンテック,2539.76,2544.92
7970,信越ポリマー,906.84,909.32
7971,東リ,264.16,265.36
7972,イトーキ,376.48,377.84
7974,任天堂,45453.2,45673.6
7975,リヒトラブ,,
7976,三菱鉛筆,1449.68,1448.36
7979,松風,1578.64,1582.08
7980,重松製作所,1130.92,1131.4
7981,タカラスタンダード,1543.36,1543.96
7983,ミロク,,
7984,コクヨ,1346.32,1346.56
7985,ネポン,,
7986,日本アイ・エス・ケイ,997.84,998.24
7987,ナカバヤシ,590.32,592.12
7988,ニフコ,2371.48,2378.4
7989,立川ブラインド工業,1196.52,1200.32
7990,グローブライド,2246.08,2248.88
7991,マミヤ・オーピー,736.0,738.04
7992,セーラー万年筆,135.04,135.68
7994,オカムラ,840.04,839.64
7995,バルカー,1949.36,1952.24
7997,くろがね工作所,,
7999,MUTOHホールディングス,1504.88,1511.84
8001,伊藤忠商事,2306.98,2312.82
8002,丸紅,515.828,517.628
8005,スクロール,375.56,379.0
8007,高島,1716.92,1721.72
8008,ヨンドシーホールディングス,1908.96,1914.56
8011,三陽商会,917.04,910.4
8012,長瀬産業,1341.04,1342.0
8013,ナイガイ,376.44,375.56
8014,蝶理,1848.88,1858.32
8015,豊田通商,2731.36,2746.44
8016,オンワードホールディングス,366.88,367.28
8018,三共生興,450.4,450.72
8020,兼松,1318.32,1321.32
8022,美津濃,2023.12,2038.2
8023,大興電子通信,728.0,724.6
8025,ツカモトコーポレーション,1125.32,1125.88
8028,ファミリーマート,1959.16,1964.04
8029,ルックホールディングス,820.4,819.48
8030,中央魚類,2529.0,2535.48
8031,三井物産,1662.92,1668.54
8032,日本紙パルプ商事,3906.0,3920.8
8035,東京エレクトロン,22707.2,22800.6
8036,日立ハイテク,,
8037,カメイ,1069.16,1071.44
8038,東都水産,3228.36,3243.12
8039,築地魚市場,,
8040,東京ソワール,652.72,652.24
8041,OUGホールディングス,2615.72,2616.48
8043,スターゼン,4491.0,4498.2
8044,大都魚類,,
8045,横浜丸魚,,
8046,丸藤シートパイル,,
8050,セイコーホールディングス,1814.04,1820.36
8051,山善,917.32,918.04
8052,椿本興業,3421.4,3441.6
8053,住友商事,1279.24,1280.8
8056,日本ユニシス,3311.2,3319.6
8057,内田洋行,6018.0,6058.0
8058,三菱商事,2438.48,2439.9
8059,第一実業,3735.8,3741.4
8060,キヤノンマーケティングジャパン,2202.8,2209.72
8061,西華産業,1215.12,1218.72
8065,佐藤商事,909.72,909.24
8066,三谷商事,,
8068,菱洋エレクトロ,2684.88,2691.12
8070,東京産業,555.28,554.88
8072,日本出版貿易,,
8074,ユアサ商事,3020.44,3024.2
8075,神鋼商事,1940.84,1947.88
8077,トルク,310.0,311.88
8078,阪和興業,1926.52,1935.48
8079,正栄食品工業,4330.2,4340.0
8081,カナデン,1293.8,1296.16
8084,菱電商事,1424.04,1431.48
8086,ニプロ,1229.2,1227.88
8087,フルサト工業,1436.8,1438.0
8088,岩谷産業,3774.8,3777.4
8089,ナイス,806.8,807.8
8090,昭光通商,603.56,604.32
8091,ニチモウ,1789.48,1797.08
8093,極東貿易,1499.04,1508.2
8095,イワキ,467.28,470.64
8096,兼松エレクトロニクス,3861.8,3859.4
8097,三愛石油,1061.24,1062.44
8098,稲畑産業,1290.72,1295.0
8101,GSIクレオス,1130.28,1137.32
8103,明和産業,486.6,486.68
8104,クワザワ,522.32,523.12
8105,堀田丸正,68.52,69.12
8107,キムラタン,24.88,24.84
8108,ヤマエ久野,1243.76,1242.12
8111,ゴールドウイン,6420.0,6456.8
8113,ユニ・チャーム,4064.48,4076.92
8114,デサント,1590.52,1596.16
8115,ムーンバット,679.52,683.12
8117,中央自動車工業,2131.12,2144.24
8118,キング,505.44,507.72
8119,三栄コーポレーション,2944.12,2959.12
8123,川辺,,
8125,ワキタ,996.48,996.56
8127,ヤマトインターナショナル,355.76,357.8
8129,東邦ホールディングス,2092.36,2093.92
8130,サンゲツ,1541.28,1540.64
8131,ミツウロコグループホールディングス,1182.04,1181.96
8132,シナネンホールディングス,2764.76,2768.24
8133,伊藤忠エネクス,855.0,857.76
8135,ゼット,190.4,191.2
8136,サンリオ,1775.36,1777.24
8137,サンワテクノス,856.52,858.8
8139,ナガホリ,166.04,166.2
8140,リョーサン,2381.16,2379.76
8141,新光商事,889.52,888.76
8142,トーホー,1861.16,1866.84
8144,電響社,,
8145,中部水産,,
8147,トミタ,,
8150,三信電気,1617.6,1613.56
8151,東陽テクニカ,1051.4,1051.76
8152,ソマール,1516.32,1522.68
8153,モスフードサービス,2962.76,2965.24
8154,加賀電子,2175.84,2174.04
8155,三益半導体工業,2235.6,2238.16
8157,都築電気,1247.92,1256.16
8158,ソーダニッカ,538.2,536.56
8159,立花エレテック,1711.2,1715.96
8160,木曽路,2512.48,2518.56
8163,SRSホールディングス,917.64,918.56
8165,千趣会,389.92,391.56
8166,タカキュー,143.0,143.48
8167,リテールパートナーズ,1537.52,1548.68
8168,ケーヨー,623.12,626.52
8173,上新電機,2161.72,2162.16
8174,日本瓦斯,4317.4,4338.4
8179,ロイヤルホールディングス,1941.0,1952.0
8181,東天紅,989.72,990.96
8182,いなげや,1680.84,1685.92
8184,島忠,2828.0,2831.08
8185,チヨダ,1081.6,1085.12
8186,大塚家具,165.12,165.96
8190,ヤマナカ,,
8194,ライフコーポレーション,3322.8,3324.8
8198,マックスバリュ東海,2385.64,2392.76
8200,リンガーハット,2426.92,2429.68
8202,ラオックス,188.84,190.64
8203,ミスターマックス・ホールディングス,451.8,455.16
8207,テンアライド,386.16,386.4
8208,エンチョー,,
8209,フレンドリー,1054.64,1027.76
8214,AOKIホールディングス,668.84,669.04
8215,銀座山形屋,,
8217,オークワ,1504.04,1512.44
8218,コメリ,2556.72,2568.16
8219,青山商事,837.56,833.72
8226,理経,207.08,208.32
8227,しまむら,7384.0,7407.2
8228,マルイチ産商,,
8230,はせがわ,358.56,356.44
8233,高島屋,1014.84,1015.04
8237,松屋,670.84,674.96
8242,エイチ・ツー・オーリテイリング,838.76,837.8
8244,近鉄百貨店,3225.48,3242.48
8247,大和,314.6,316.88
8249,テクノアソシエ,888.84,888.88
8252,丸井グループ,1958.32,1974.08
8253,クレディセゾン,1288.32,1297.68
8254,さいか屋,358.52,357.8
8255,アクシアルリテイリング,4105.4,4119.8
8256,プロルート丸光,350.8,361.28
8260,井筒屋,190.84,191.68
8267,イオン,2371.3,2381.54
8273,イズミ,3366.4,3374.2
8275,フォーバル,1123.92,1117.92
8276,平和堂,1899.2,1902.6
8278,フジ,1880.92,1884.52
8279,ヤオコー,7101.6,7140.8
8281,ゼビオホールディングス,900.24,899.24
8282,ケーズホールディングス,1374.88,1383.16
8283,PALTAC,5138.2,5129.8
8285,三谷産業,373.32,371.8
8287,マックスバリュ西日本,1607.96,1610.36
8289,Olympicグループ,751.04,762.4
8291,日産東京販売ホールディングス,231.32,232.6
8293,ATグループ,1344.24,1347.76
8303,新生銀行,1395.04,1399.4
8304,あおぞら銀行,1969.76,1977.24
8306,三菱UFJフィナンシャル・グループ,440.392,441.80400000000003
8308,りそなホールディングス,373.55199999999996,375.30400000000003
8309,三井住友トラスト・ホールディングス,3096.22,3101.56
8316,三井住友フィナンシャルグループ,3099.74,3116.96
8331,千葉銀行,500.76,504.04
8334,群馬銀行,329.48,330.56
8336,武蔵野銀行,1500.28,1510.48
8337,千葉興業銀行,247.56,248.16
8338,筑波銀行,179.16,179.4
8341,七十七銀行,1535.4,1544.44
8342,青森銀行,2159.36,2163.84
8343,秋田銀行,1518.12,1522.92
8344,山形銀行,1321.08,1324.48
8345,岩手銀行,2536.76,2545.6
8346,東邦銀行,230.2,230.36
8349,東北銀行,928.4,930.2
8350,みちのく銀行,1173.6,1173.88
8354,ふくおかフィナンシャルグループ,1736.08,1744.76
8355,静岡銀行,684.36,687.96
8356,十六銀行,2047.32,2052.6
8358,スルガ銀行,394.84,397.32
8359,八十二銀行,395.84,398.44
8360,山梨中央銀行,885.64,887.64
8361,大垣共立銀行,2232.24,2244.0
8362,福井銀行,1642.96,1646.8
8363,北國銀行,2815.4,2814.4
8364,清水銀行,1809.64,1810.8
8365,富山銀行,2248.8,2253.84
8366,滋賀銀行,2452.24,2462.76
8367,南都銀行,2218.92,2218.36
8368,百五銀行,317.76,319.08
8369,京都銀行,3875.6,3892.4
8370,紀陽銀行,1654.92,1660.96
8377,ほくほくフィナンシャルグループ,891.68,895.8
8379,広島銀行,494.36,496.96
8381,山陰合同銀行,528.96,531.28
8382,中国銀行,970.64,974.28
8383,鳥取銀行,1246.04,1249.36
8385,伊予銀行,616.36,619.92
8386,百十四銀行,1966.24,1967.56
8387,四国銀行,839.6,838.08
8388,阿波銀行,2461.68,2474.6
8392,大分銀行,2414.28,2413.52
8393,宮崎銀行,2368.4,2373.16
8395,佐賀銀行,1145.08,1147.48
8397,沖縄銀行,3174.6,3178.4
8398,筑邦銀行,,
8399,琉球銀行,955.12,958.08
8410,セブン銀行,302.52,303.32
8411,みずほフィナンシャルグループ,132.428,133.044
8416,高知銀行,709.88,709.08
8418,山口フィナンシャルグループ,637.52,641.0
8421,信金中央金庫（優先出資証券）,227240.0,227620.0
8424,芙蓉総合リース,6050.0,6070.8
8425,みずほリース,2357.84,2368.16
8439,東京センチュリー,4814.6,4889.4
8462,フューチャーベンチャーキャピタル,843.16,849.56
8473,SBIホールディングス,2279.76,2286.04
8508,Jトラスト,303.64,304.52
8511,日本証券金融,508.44,509.56
8515,アイフル,257.72,257.28
8518,日本アジア投資,241.28,242.24
8521,長野銀行,1123.6,1126.48
8522,名古屋銀行,2336.6,2350.88
8524,北洋銀行,207.04,208.08
8527,愛知銀行,2972.8,2969.12
8530,中京銀行,2101.04,2107.32
8537,大光銀行,1502.88,1504.36
8541,愛媛銀行,1152.48,1154.56
8542,トマト銀行,1043.56,1043.56
8544,京葉銀行,510.4,512.32
8550,栃木銀行,166.72,166.76
8551,北日本銀行,1928.2,1932.6
8558,東和銀行,696.44,698.88
8560,宮崎太陽銀行,,
8562,福島銀行,177.56,178.0
8563,大東銀行,603.52,605.68
8566,リコーリース,3073.92,3082.68
8570,イオンフィナンシャルサービス,1208.92,1216.96
8572,アコム,432.96,433.68
8584,ジャックス,1844.48,1845.96
8585,オリエントコーポレーション,126.52,126.96
8586,日立キャピタル,2241.6,2259.28
8589,アプラスフィナンシャル,69.0,69.2
8591,オリックス,1419.14,1425.92
8593,三菱UFJリース,526.84,528.44
8594,中道リース,,
8595,ジャフコ,3599.2,3609.4
8596,九州リースサービス,485.4,487.84
8600,トモニホールディングス,349.08,349.64
8601,大和証券グループ本社,448.2719999999999,450.58799999999997
8604,野村ホールディングス,463.18399999999997,466.204
8609,岡三証券グループ,340.76,341.88
8613,丸三証券,446.52,447.2
8614,東洋証券,131.16,131.32
8616,東海東京フィナンシャル・ホールディングス,246.8,247.96
8617,光世証券,526.52,528.12
8622,水戸証券,203.76,204.4
8624,いちよし証券,453.84,454.44
8628,松井証券,828.88,832.56
8630,SOMPOホールディングス,3623.96,3645.84
8692,だいこう証券ビジネス,918.6,918.48
8697,日本取引所グループ,2326.32,2337.88
8698,マネックスグループ,230.0,230.32
8699,澤田ホールディングス,925.52,925.72
8700,丸八証券,818.8,819.32
8704,トレイダーズホールディングス,93.24,92.92
8705,岡藤ホールディングス,188.92,190.96
8706,極東証券,525.88,527.76
8707,岩井コスモホールディングス,988.04,994.08
8708,藍澤證券,707.28,708.76
8713,フィデアホールディングス,107.68,107.72
8714,池田泉州ホールディングス,168.88,168.8
8715,アニコムホールディングス,4720.8,4727.4
8725,MS＆ADインシュアランスグループホールディングス,3109.64,3118.96
8729,ソニーフィナンシャルホールディングス,2542.76,2566.32
8732,マネーパートナーズグループ,203.96,204.2
8737,あかつき本社,272.64,273.52
8739,スパークス・グループ,213.92,215.52
8740,フジトミ,358.56,358.92
8742,小林洋行,249.8,250.32
8746,第一商品,261.32,260.24
8747,豊商事,774.36,786.24
8750,第一生命ホールディングス,1374.26,1377.62
8766,東京海上ホールディングス,4711.96,4724.44
8769,アドバンテッジリスクマネジメント,873.76,873.0
8771,イー・ギャランティ,2118.76,2117.68
8772,アサックス,651.64,654.04
8783,GFA,122.88,126.16
8789,フィンテックグローバル,54.28,53.76
8793,NECキャピタルソリューション,2023.04,2027.88
8795,T＆Dホールディングス,962.6,968.68
8798,アドバンスクリエイト,2261.2,2254.96
8801,三井不動産,2096.86,2103.4
8802,三菱地所,1713.1,1716.46
8803,平和不動産,3006.52,3017.64
8804,東京建物,1359.0,1364.12
8806,ダイビル,1049.28,1049.0
8818,京阪神ビルディング,1437.36,1435.52
8830,住友不動産,3037.9,3047.46
8835,太平洋興発,613.92,614.28
8836,RISE,23.36,23.56
8841,テーオーシー,698.48,699.24
8842,東京楽天地,4552.0,4567.6
8844,コスモスイニシア,419.04,422.72
8848,レオパレス21,255.28,255.88
8850,スターツコーポレーション,2192.48,2202.12
8860,フジ住宅,522.28,524.56
8864,空港施設,429.44,430.24
8869,明和地所,424.08,424.96
8871,ゴールドクレスト,1558.48,1556.48
8876,リログループ,2370.76,2362.36
8877,エスリード,1434.64,1435.76
8881,日神グループホールディングス,398.8,398.52
8885,ラ・アトレ,737.56,742.8
8887,リベレステ,758.64,756.64
8889,APAMAN,566.2,569.0
8890,レーサム,975.32,979.56
8891,エムジーホーム,513.52,515.96
8892,日本エスコン,801.72,804.72
8893,新日本建物,361.64,362.28
8894,REVOLUTION,27.68,28.08
8897,タカラレーベン,368.56,368.88
8898,センチュリー21・ジャパン,1231.76,1231.6
8903,サンウッド,435.84,436.84
8904,AVANTIA,767.44,769.68
8905,イオンモール,1525.44,1524.24
8908,毎日コムネット,811.92,811.36
8909,シノケングループ,899.84,904.12
8912,エリアクエスト,104.8,104.92
8914,エリアリンク,934.04,936.0
8917,ファースト住建,929.4,934.48
8918,ランド,9.64,9.72
8919,カチタス,2552.64,2568.52
8920,東祥,1406.6,1407.32
8922,日本アセットマーケティング,97.04,97.56
8923,トーセイ,1069.36,1076.68
8925,アルデプロ,50.44,51.04
8927,明豊エンタープライズ,189.44,191.68
8928,穴吹興産,1724.8,1733.44
8929,青山財産ネットワークス,1560.76,1569.32
8931,和田興産,683.28,686.56
8934,サンフロンティア不動産,925.16,925.64
8935,エフ・ジェー・ネクスト,865.88,869.04
8938,グローム・ホールディングス,852.64,868.64
8940,インテリックス,524.68,524.12
8944,ランドビジネス,354.24,358.2
8945,日本社宅サービス,1090.08,1093.44
8946,ASIANSTAR,99.68,100.4
8995,誠建設工業,,
8996,ハウスフリーダム,,
8999,グランディハウス,387.56,389.16
9001,東武鉄道,3782.2,3785.8
9003,相鉄ホールディングス,2990.76,2992.44
9005,東急,1664.52,1666.08
9006,京浜急行電鉄,1765.8,1766.8
9007,小田急電鉄,2611.64,2620.76
9008,京王電鉄,6247.2,6266.0
9009,京成電鉄,3497.4,3505.4
9010,富士急行,3337.4,3346.4
9012,秩父鉄道,,
9014,新京成電鉄,2169.52,2181.32
9020,東日本旅客鉄道,8303.44,8310.04
9021,西日本旅客鉄道,6682.04,6679.04
9022,東海旅客鉄道,18188.6,18191.2
9024,西武ホールディングス,1381.48,1381.16
9025,鴻池運輸,1199.28,1200.76
9027,ロジネットジャパン,2833.64,
9028,ゼロ,894.44,896.68
9029,ヒガシトゥエンティワン,505.92,505.48
9031,西日本鉄道,2857.4,2865.64
9033,広島電鉄,1015.36,1014.92
9034,南総通運,,
9035,第一交通産業,618.12,617.88
9036,東部ネットワーク,,
9037,ハマキョウレックス,3162.92,3170.4
9039,サカイ引越センター,5962.0,5963.6
9041,近鉄グループホールディングス,5218.6,5210.4
9042,阪急阪神ホールディングス,3893.0,3893.8
9044,南海電気鉄道,2579.28,2578.92
9045,京阪ホールディングス,5013.4,5014.4
9046,神戸電鉄,3776.8,3775.0
9048,名古屋鉄道,3203.4,3199.4
9051,センコン物流,,
9052,山陽電気鉄道,2236.44,2238.56
9055,アルプス物流,751.52,754.04
9057,遠州トラック,2918.04,2917.28
9058,トランコム,6884.4,6900.4
9059,カンダホールディングス,796.96,797.68
9060,日本ロジテム,,
9062,日本通運,5507.2,5539.6
9064,ヤマトホールディングス,2281.68,2303.64
9065,山九,4216.6,4224.4
9066,日新,1659.88,1666.68
9067,丸運,238.36,238.6
9068,丸全昭和運輸,2879.44,2894.12
9069,センコーグループホールディングス,834.52,832.92
9070,トナミホールディングス,6038.4,6064.0
9072,ニッコンホールディングス,2179.2,2186.52
9073,京極運輸商事,,
9074,日本石油輸送,3119.04,3116.04
9075,福山通運,3530.0,3545.6
9076,セイノーホールディングス,1428.56,1433.48
9077,名鉄運輸,,
9078,エスライン,1011.2,1011.72
9081,神奈川中央交通,4151.2,4155.2
9082,大和自動車交通,,
9083,神姫バス,3298.6,3305.0
9085,北海道中央バス,,
9086,日立物流,2867.04,2880.0
9090,丸和運輸機関,2911.72,2919.52
9099,C＆Fロジホールディングス,1490.32,1494.56
9101,日本郵船,1542.52,1550.04
9104,商船三井,1943.4,1954.2
9107,川崎汽船,1117.88,1122.2
9110,NSユナイテッド海運,1474.36,1482.44
9115,明治海運,334.68,335.68
9119,飯野海運,341.68,343.32
9127,玉井商船,,
9130,共栄タンカー,863.04,861.72
9142,九州旅客鉄道,3027.12,3028.24
9143,SGホールディングス,3404.2,3422.2
9171,栗林商船,333.24,333.28
9176,佐渡汽船,,
9179,川崎近海汽船,,
9193,東京汽船,,
9201,日本航空,2128.66,2141.54
9202,ANAホールディングス,2596.76,2610.46
9206,スターフライヤー,3155.56,3176.56
9232,パスコ,1502.32,1508.4
9233,アジア航測,824.92,830.96
9260,西本Wismettacホールディングス,1994.6,2000.44
9262,シルバーライフ,2207.96,2212.08
9263,ビジョナリーホールディングス,376.6,377.52
9264,ポエック,2944.56,2971.92
9265,ヤマシタヘルスケアホールディングス,1931.32,1930.72
9266,一家ダイニングプロジェクト,650.4,651.96
9267,Genky_DrugStores,2988.92,3024.48
9268,オプティマスグループ,776.16,780.36
9270,バリュエンスホールディングス,1715.76,1717.36
9271,和心,601.04,608.24
9272,ブティックス,1801.24,1800.84
9273,コーア商事ホールディングス,1779.8,1801.16
9274,国際紙パルプ商事,295.88,295.84
9275,ナルミヤ・インターナショナル,694.52,697.64
9278,ブックオフグループホールディングス,840.6,843.16
9279,ギフト,1436.04,1443.24
9301,三菱倉庫,2728.72,2742.36
9302,三井倉庫ホールディングス,1522.56,1527.32
9303,住友倉庫,1327.32,1329.44
9304,澁澤倉庫,2155.92,2153.72
9305,ヤマタネ,1225.68,1224.68
9306,東陽倉庫,328.28,328.96
9307,杉村倉庫,533.64,538.4
9308,乾汽船,1109.56,1096.72
9310,日本トランスシティ,521.64,522.96
9311,アサガミ,,
9312,ケイヒン,1295.96,1296.32
9313,丸八倉庫,,
9318,アジア開発キャピタル,6.2,6.2
9319,中央倉庫,1006.8,1003.68
9322,川西倉庫,1019.08,1019.24
9324,安田倉庫,883.04,885.64
9325,ファイズホールディングス,1114.84,1120.72
9326,関通,3178.28,3198.44
9351,東洋埠頭,1348.92,1352.28
9353,櫻島埠頭,,
9355,リンコーコーポレーション,,
9357,名港海運,,
9358,宇徳,468.84,470.52
9359,伊勢湾海運,,
9360,鈴与シンワート,,
9361,伏木海陸運送,,
9362,兵機海運,,
9363,大運,237.28,236.64
9364,上組,2079.28,2084.2
9365,トレーディア,,
9366,サンリツ,602.4,603.76
9367,大東港運,,
9368,キムラユニティー,1018.24,1018.92
9369,キユーソー流通システム,1717.56,1715.48
9375,近鉄エクスプレス,1720.68,1734.08
9376,ユーラシア旅行社,410.04,410.72
9377,エージーピー,455.52,459.04
9380,東海運,265.36,266.0
9381,エーアイテイー,778.08,780.44
9384,内外トランスライン,1026.52,1023.84
9385,ショーエイコーポレーション,861.96,871.56
9386,日本コンセプト,1390.52,1385.52
9399,ビート・ホールディングス・リミテッド（外国株）,97.36,97.92
9401,東京放送ホールディングス,1705.72,1715.68
9402,中部日本放送,535.4,535.56
9404,日本テレビホールディングス,1223.72,1227.96
9405,朝日放送グループホールディングス,764.8,769.32
9408,新潟放送,,
9409,テレビ朝日ホールディングス,1635.28,1637.8
9412,スカパーJSATホールディングス,439.28,441.24
9413,テレビ東京ホールディングス,2443.84,2449.48
9414,日本BS放送,1102.16,1104.48
9416,ビジョン,842.08,842.84
9417,スマートバリュー,1128.8,1143.16
9418,U-NEXT,1314.6,1315.36
9419,ワイヤレスゲート,611.8,616.08
9421,エヌジェイホールディングス,1076.68,1075.6
9422,コネクシオ,1504.24,1501.2
9423,フォーバル・リアルストレート,109.88,110.6
9424,日本通信,171.12,171.0
9425,日本テレホン,373.6,375.08
9428,クロップス,714.44,716.88
9432,日本電信電話,2469.3,2474.56
9433,KDDI,3165.0,3163.96
9434,ソフトバンク,1369.3,1367.54
9435,光通信,23922.0,24005.6
9436,沖縄セルラー電話,4183.0,4183.0
9437,NTTドコモ,2959.42,2953.58
9438,エムティーアイ,618.76,623.8
9439,エム・エイチ・グループ,225.32,226.48
9441,ベルパーク,,
9444,トーシンホールディングス,486.48,487.16
9445,フォーバルテレコム,352.24,353.72
9446,サカイホールディングス,495.4,495.48
9449,GMOインターネット,2743.52,2757.4
9450,ファイバーゲート,1437.12,1445.6
9466,アイドママーケティングコミュニケーション,500.44,503.04
9467,アルファポリス,2339.28,2345.2
9468,KADOKAWA,1728.84,1739.16
9470,学研ホールディングス,1583.44,1578.16
9474,ゼンリン,1316.56,1317.48
9475,昭文社ホールディングス,404.44,405.04
9476,中央経済社ホールディングス,,
9478,SEホールディングス・アンド・インキュベーションズ,156.56,157.6
9479,インプレスホールディングス,149.88,150.32
9501,東京電力ホールディングス,361.32,361.28
9502,中部電力,1437.06,1435.74
9503,関西電力,1075.76,1077.82
9504,中国電力,1476.48,1475.12
9505,北陸電力,705.28,704.48
9506,東北電力,1073.44,1073.04
9507,四国電力,814.96,814.84
9508,九州電力,896.12,897.44
9509,北海道電力,432.36,432.76
9511,沖縄電力,1973.56,1963.32
9513,電源開発,2000.32,2006.8
9514,エフオン,594.44,594.56
9517,イーレックス,1406.44,1408.48
9519,レノバ,923.12,927.84
9531,東京瓦斯,2515.78,2516.96
9532,大阪瓦斯,2115.84,2118.28
9533,東邦瓦斯,5383.2,5369.2
9534,北海道瓦斯,1603.16,1604.6
9535,広島ガス,355.4,355.32
9536,西部瓦斯,2620.72,2624.04
9537,北陸瓦斯,,
9539,京葉瓦斯,,
9543,静岡ガス,974.52,975.68
9551,メタウォーター,4752.8,4759.6
9600,アイネット,1508.96,1509.2
9601,松竹,14085.6,14148.8
9602,東宝,3933.6,3942.6
9603,エイチ・アイ・エス,1935.72,1947.2
9605,東映,14496.4,14533.2
9610,ウィルソン・ラーニングワールドワイド,180.28,181.12
9612,ラックランド,2143.36,2152.8
9613,エヌ・ティ・ティ・データ,1243.88,1249.4
9616,共立メンテナンス,3551.12,3587.2
9619,イチネンホールディングス,1220.04,1224.4
9621,建設技術研究所,1723.76,1728.96
9622,スペース,1011.96,1011.04
9624,長大,1056.12,1061.4
9625,セレスポ,852.68,856.28
9627,アインホールディングス,6883.2,6912.4
9628,燦ホールディングス,1189.96,1195.08
9629,ピー・シー・エー,4261.6,4287.0
9631,東急レクリエーション,4941.0,4949.2
9632,スバル興業,7808.4,7810.8
9633,東京テアトル,1251.32,1253.2
9635,武蔵野興業,,
9636,きんえい,,
9637,オーエス,,
9639,三協フロンテア,3444.2,3447.8
9640,セゾン情報システムズ,2044.72,2051.36
9641,サコス,326.68,326.64
9644,タナベ経営,1272.0,1273.96
9647,協和コンサルタンツ,,
9651,日本プロセス,753.16,754.88
9656,グリーンランドリゾート,434.92,437.04
9658,ビジネスブレイン太田昭和,2679.52,2670.68
9661,歌舞伎座,,
9663,ナガワ,7688.8,7710.8
9664,御園座,,
9671,よみうりランド,3715.4,3722.8
9672,東京都競馬,3657.4,3659.6
9675,常磐興産,1472.84,1474.64
9678,カナモト,2304.36,2313.36
9679,ホウライ,,
9681,東京ドーム,869.84,869.48
9682,DTS,2294.52,2297.0
9684,スクウェア・エニックス・ホールディングス,5207.0,5240.6
9685,KYCOMホールディングス,471.84,477.24
9686,東洋テック,987.96,991.6
9687,KSK,1813.44,1813.68
9691,両毛システムズ,2203.8,2212.68
9692,シーイーシー,1821.08,1821.76
9695,鴨川グランドホテル,292.96,294.04
9696,ウィザス,544.76,547.44
9697,カプコン,3768.0,3779.8
9698,クレオ,1270.92,1272.56
9699,西尾レントオール,2320.52,2323.52
9701,東京會舘,,
9702,アイ・エス・ビー,2088.4,2106.56
9704,アゴーラ・ホスピタリティー・グループ,23.96,24.24
9706,日本空港ビルデング,4687.2,4715.4
9707,ユニマットリタイアメント・コミュニティ,1083.96,1087.8
9708,帝国ホテル,1879.04,1874.96
9709,NCS＆A,518.68,519.52
9713,ロイヤルホテル,1343.96,1346.56
9715,トランス・コスモス,2401.76,2410.16
9716,乃村工藝社,957.88,960.16
9717,ジャステック,1176.56,1179.0
9719,SCSK,5251.0,5267.6
9720,ホテル、ニューグランド,,
9722,藤田観光,1841.6,1844.76
9723,京都ホテル,621.44,621.68
9726,KNT-CTホールディングス,1114.88,1121.0
9728,日本管財,1854.52,1857.6
9729,トーカイ,2616.52,2610.56
9731,白洋舎,2867.92,2872.96
9733,ナガセ,,
9734,精養軒,,
9735,セコム,9353.96,9380.0
9739,日本システムウエア,2279.4,2289.72
9740,セントラル警備保障,4560.0,4553.6
9742,アイネス,1352.4,1355.04
9743,丹青社,759.72,763.36
9744,メイテック,5257.6,5266.4
9746,TKC,5459.6,5478.8
9749,富士ソフト,4407.6,4404.4
9753,アイエックス・ナレッジ,631.52,633.24
9755,応用地質,1339.24,1342.92
9757,船井総研ホールディングス,2519.24,2518.52
9758,ジャパンシステム,419.76,420.56
9759,NSD,1683.12,1693.48
9760,進学会ホールディングス,511.92,512.04
9761,東海リース,1288.92,1297.16
9763,丸紅建材リース,1554.64,1561.72
9765,オオバ,648.96,649.04
9766,コナミホールディングス,3706.2,3717.8
9767,日建工学,883.6,890.4
9768,いであ,1747.64,1764.52
9769,学究社,1130.52,1130.36
9776,札幌臨床検査センター,,
9778,昴,,
9780,ハリマビステム,,
9782,ディーエムエス,1736.8,1736.16
9783,ベネッセホールディングス,2961.64,2952.76
9787,イオンディライト,3080.84,3086.08
9788,ナック,903.8,903.6
9790,福井コンピュータホールディングス,2891.92,2892.92
9791,ビケンテクノ,791.52,795.52
9792,ニチイ学館,1614.64,1617.0
9793,ダイセキ,2701.76,2711.8
9795,ステップ,1459.76,1463.96
9797,大日本コンサルタント,628.36,631.96
9799,旭情報サービス,1166.08,1168.2
9810,日鉄物産,3569.6,3585.4
9812,テーオーホールディングス,307.2,307.0
9816,ストライダーズ,275.12,275.36
9818,大丸エナウィン,,
9820,エムティジェネックス,2786.36,2795.36
9823,マミーマート,2018.32,2018.68
9824,泉州電業,2646.52,2672.2
9827,リリカラ,168.6,169.8
9828,元気寿司,2485.12,2490.04
9830,トラスコ中山,2533.92,2546.48
9831,ヤマダ電機,525.92,528.56
9832,オートバックスセブン,1350.0,1355.24
9835,ジュンテンドー,496.76,497.84
9837,モリト,691.68,691.16
9842,アークランドサカモト,1299.88,1328.92
9843,ニトリホールディングス,18930.8,19027.8
9845,パーカーコーポレーション,422.28,424.16
9846,天満屋ストア,1174.48,1177.32
9850,グルメ杵屋,995.8,999.16
9853,銀座ルノアール,888.32,888.48
9854,愛眼,216.92,217.16
9856,ケーユーホールディングス,821.84,822.72
9857,英和,935.96,939.36
9861,吉野家ホールディングス,2399.84,2400.6
9867,ソレキア,10155.2,10095.6
9869,加藤産業,3702.8,3704.4
9872,北恵,906.08,910.68
9873,日本KFCホールディングス,2750.64,2756.6
9876,コックス,204.32,210.48
9878,セキド,409.44,412.16
9880,イノテック,1018.4,1020.72
9882,イエローハット,1488.52,1491.36
9885,シャルレ,362.72,363.6
9887,松屋フーズホールディングス,3899.6,3893.0
9888,UEX,393.72,395.24
9889,JBCCホールディングス,1596.56,1598.08
9890,マキヤ,776.68,779.72
9895,コンセック,,
9896,JKホールディングス,835.72,836.72
9900,サガミホールディングス,1288.52,1289.32
9902,日伝,2260.64,2271.6
9903,カンセキ,2080.44,2092.88
9904,ベリテ,266.52,266.72
9906,藤井産業,1312.12,1316.04
9908,日本電計,1145.92,1148.44
9909,愛光電気,,
9913,日邦産業,560.28,564.44
9919,関西スーパーマーケット,1098.2,1097.92
9927,ワットマン,1989.88,2022.08
9928,ミロク情報サービス,2448.08,2451.8
9929,平和紙業,,
9930,北沢産業,283.12,283.64
9932,杉本商事,1845.6,1851.84
9934,因幡電機産業,2430.16,2437.4
9936,王将フードサービス,6251.6,6258.8
9941,太洋物産,,
9942,ジョイフル,878.16,877.36
9945,プレナス,1844.84,1842.72
9946,ミニストップ,1527.16,1528.88
9948,アークス,2138.92,2144.96
9950,ハチバン,2921.08,2923.08
9955,ヨンキュウ,,
9956,バローホールディングス,2101.08,2109.48
9959,アシードホールディングス,411.96,413.12
9960,東テク,2191.92,2195.56
9962,ミスミグループ本社,2826.76,2836.44
9964,アイ・テック,,
9966,藤久,995.28,1005.72
9967,堺商事,,
9969,ショクブン,277.24,276.76
9972,アルテック,226.44,227.44
9973,小僧寿し,33.32,33.8
9974,ベルク,6595.2,6624.8
9976,セキチュー,,
9977,アオキスーパー,2563.44,
9978,文教堂グループホールディングス,156.6,157.36
9979,大庄,1379.04,1382.04
9980,MRKホールディングス,160.96,161.32
9982,タキヒヨー,1747.96,1751.88
9983,ファーストリテイリング,59540.8,60016.8
9984,ソフトバンクグループ,4952.8,4989.16
9986,蔵王産業,1446.16,1447.48
9987,スズケン,3895.4,3908.6
9989,サンドラッグ,3527.2,3521.4
9990,サックスバーホールディングス,568.28,571.28
9991,ジェコス,963.76,966.36
9993,ヤマザワ,1718.32,1718.8
9994,やまや,2262.28,2266.0
9995,グローセル,440.76,442.12
9997,ベルーナ,570.48,576.76
